MQ135,MQ2,MQ4,MQ7,Temperature,Humidity,class
18.39,32,28.82,13.24,29.1,63.3,1
18.31,31.83,30.89,12.98,29.1,63.9,1
18.08,31.32,29.66,12.77,29.2,64.5,1
17.85,29.41,29.83,13.13,29.2,65,1
17.48,30.66,30.35,12.67,29.2,64.9,1
17.85,31.83,30.18,13.24,29.3,65.2,1
17.55,31.49,30.89,13.08,29.3,65.8,1
17.26,32.35,30.53,13.13,29.3,66.1,1
17.19,31.16,29.49,13.13,29.4,66.8,1
16.76,30.5,33,13.29,29.4,67,1
16.69,30.99,30.35,13.29,29.5,67.4,1
16.62,30.66,31.45,12.98,29.5,67.1,1
16.35,30.03,29.66,13.45,29.5,67.4,1
16.35,31.49,30.53,13.03,29.5,67.4,1
15.95,29.87,28.82,13.34,29.6,67.3,1
15.69,30.18,29.66,13.4,29.6,67.7,1
15.75,30.03,30,13.4,29.7,68,1
15.62,30.83,30.18,13.13,29.7,68,1
15.49,30.03,30.35,13.24,29.7,68.1,1
15,30.03,29.15,12.77,29.7,68.6,1
15.24,30.18,29.83,12.92,29.8,69.1,1
14.87,29.87,28.82,13.29,29.8,68.5,1
14.75,29.11,27.87,12.98,29.8,68.5,1
14.64,29.26,28.82,13.08,29.8,68.7,1
14.69,30.5,29.66,13.03,29.9,69,1
14.94,30.66,30.18,13.29,29.9,68.7,1
14.34,29.72,29.66,13.08,29.9,68.6,1
14.17,29.87,29.83,11.75,29.9,68.4,1
13.89,28.96,28.18,12.67,30,68.9,1
14.17,29.72,26.96,12.57,30,69.2,1
13.94,29.11,30.53,12.67,30,69.5,1
13.94,29.72,29.49,12.72,30,69.6,1
13.72,29.72,28.82,12.77,30.1,69.9,1
13.5,28.81,31.82,12.67,30.1,69,1
13.5,29.41,29.66,12.82,30.1,69.5,1
13.72,30.18,30.35,12.72,30.1,69.8,1
13.5,29.87,29.66,12.57,30.1,70,1
13.29,29.26,29.83,13.03,30.2,70.4,1
13.5,31.32,30.53,12.92,30.2,70.6,1
13.18,28.81,29.15,13.13,30.2,70.6,1
13.13,29.41,29.15,12.98,30.2,70.4,1
13.29,30.03,30.18,13.18,30.2,69.2,1
13.08,30.18,30.71,12.77,30.2,69.8,1
13.18,29.87,30.53,12.87,30.3,70.3,1
12.72,28.96,29.15,12.67,30.3,70,1
12.98,30.34,34.25,13.18,30.3,70.2,1
12.62,28.37,29.32,13.08,30.3,70.6,1
12.82,28.81,29.49,13.18,30.3,70.7,1
12.67,29.41,30.53,11.62,30.3,70.2,1
12.57,28.81,30.35,13.08,30.4,70.8,1
12.62,28.66,28.82,12.87,30.4,70.3,1
12.52,28.23,31.26,12.42,30.4,70.3,1
12.47,28.96,29.66,12.82,30.4,70.8,1
12.28,28.23,27.26,12.98,30.4,70.9,1
12.47,29.11,32.6,12.62,30.4,71.1,1
12.32,28.81,30.35,12.57,30.4,71.2,1
12.23,28.23,29.83,13.13,30.4,71.3,1
12.42,28.81,30.35,12.52,30.5,71.7,1
12.04,27.67,28.18,12.87,30.5,71.7,1
12.18,28.66,30.71,12.82,30.5,71.8,1
12.04,28.23,30,12.82,30.5,71.8,1
12.13,28.81,28.34,12.72,30.5,72,1
12.08,30.99,33,12.67,30.5,72.1,1
11.89,27.95,30.71,12.82,30.5,72.1,1
11.85,28.23,30,12.92,30.6,72.2,1
12.04,28.52,30.89,12.82,30.6,71.4,1
12.04,27.81,30.89,12.62,30.6,72,1
11.8,28.37,32.4,12.37,30.6,72.2,1
11.53,26.72,29.83,12.57,30.6,72.3,1
11.53,26.59,29.15,12.37,30.6,72.4,1
11.57,26.98,31.26,12.52,30.6,72.5,1
11.62,27.81,29.15,12.67,30.6,72.7,1
11.21,26.46,29.15,12.57,30.6,72.7,1
11.48,27.39,30,12.77,30.6,72.8,1
11.26,26.72,30,11.62,30.6,72.9,1
11.21,25.82,29.15,12.67,30.7,72.9,1
11.04,25.82,29.32,12.62,30.7,73.1,1
11.21,26.2,30.53,12.52,30.7,73.1,1
11,26.2,29.32,12.67,30.7,73.1,1
11.35,26.72,29.83,12.67,30.7,73,1
11.13,26.59,31.26,12.62,30.7,73.1,1
11.04,25.69,29.49,12.87,30.7,73.2,1
10.91,25.57,29.15,12.87,30.7,73.3,1
10.91,25.2,29.49,13.18,30.7,73.3,1
11,25.69,30,12.67,30.8,73.4,1
10.78,24.84,29.49,12.82,30.8,73.3,1
10.7,25.32,29.49,12.52,30.8,73.2,1
11,25.57,30.89,12.57,30.8,73.1,1
10.87,25.69,31.07,12.32,30.8,73.1,1
10.66,24.96,30.18,12.27,30.8,73.4,1
10.53,23.69,29.32,12.52,30.8,73.4,1
10.53,24.49,29.83,12.72,30.8,73.3,1
10.41,23.8,29.15,12.57,30.8,73.3,1
10.7,24.84,29.66,12.62,30.8,73.1,1
10.62,24.26,30.35,12.32,30.8,73.3,1
10.49,23.69,28.66,12.27,30.8,73.3,1
10.29,23.47,29.15,11.52,30.8,73.3,1
10.45,24.03,30,11.89,30.9,73.6,1
10.41,23.47,26.67,11.75,30.9,72.2,1
10.41,23.8,28.66,11.94,30.9,72.9,1
10.37,23.36,29.49,11.85,30.9,72.9,1
10.37,23.47,29.83,11.66,30.9,73.1,1
10.21,23.8,28.66,11.94,30.9,73.2,1
10.17,22.41,27.87,12.08,30.9,73.2,1
10.25,22.51,28.99,11.99,31,73,1
10.37,23.04,29.66,12.03,30.9,72.5,1
10.21,23.14,28.34,12.18,31,72.7,1
10.17,22.51,28.66,12.13,31,72.6,1
10.17,22.41,32.4,12.08,31,72.6,1
10.25,22.51,29.15,12.18,31,72.4,1
10.01,22,25.82,12.08,31,72.6,1
10.17,22.2,28.99,12.18,31,72.6,1
9.97,21.8,28.5,11.85,31,72.7,1
10.01,22.2,28.5,11.99,31,72.9,1
9.93,21.61,28.03,12.13,31,73.1,1
10.17,22,29.15,11.99,31,72.6,1
10.01,21.8,28.66,12.03,31,72.6,1
9.82,21.13,28.03,12.42,31,72.9,1
9.86,21.13,27.56,11.75,31.1,73,1
9.89,20.66,28.66,11.94,31.1,72.8,1
9.89,20.57,28.34,11.89,31.1,72.9,1
9.86,20.75,27.41,12.37,31.1,72.4,1
9.93,20.75,30,12.08,31.1,72.5,1
9.74,20.21,27.72,12.08,31.1,72.6,1
9.93,20.48,27.56,12.13,31.1,72.2,1
9.89,20.03,27.87,12.08,31.1,71.9,1
9.63,19.51,26.53,11.71,31.1,72.1,1
9.7,19.42,26.67,11.62,31.1,72.2,1
9.78,19.59,27.26,11.66,31.1,72.1,1
9.78,19.25,27.41,11.52,31.1,72.3,1
9.93,19.85,28.34,10.91,31.1,72.2,1
9.78,19.94,27.41,11.48,31.1,70.8,1
9.59,19.34,27.56,12.08,31.1,67,1
9.66,19.17,26.53,11.8,31.1,62.8,1
9.82,19.68,27.87,10.61,31.2,65.8,1
9.86,19.77,28.03,11.04,31.2,67.2,1
9.55,18.84,26.1,9.81,31.2,67.3,1
9.59,18.76,26.53,9.85,31.2,65.9,1
9.7,18.84,27.11,9.59,31.2,65.9,1
9.7,18.52,27.56,9.85,31.2,65.7,1
9.66,18.6,26.39,9.33,31.2,64.5,1
9.59,18.2,25.02,9.62,31.2,66,1
9.55,18.05,25.02,9.66,31.2,65.9,1
9.63,17.75,28.03,9.55,31.2,65.7,1
9.59,18.05,25.96,9.36,31.2,66,1
9.59,17.97,27.41,9.36,31.3,64.9,1
9.59,17.67,25.82,9.22,31.3,66.5,1
9.4,17.37,24.76,8.97,31.3,67.6,1
9.44,17.23,26.24,9.11,31.3,68.1,1
9.51,17.23,26.24,9.22,31.3,68.6,1
9.4,16.94,26.53,8.93,31.3,69,1
9.44,16.87,26.82,9.01,31.3,69.5,1
9.55,17.01,26.53,9.04,31.3,69.1,1
9.48,17.01,26.82,8.86,31.3,67.7,1
9.37,16.59,26.39,8.8,31.3,68.1,1
9.22,16.12,26.39,8.8,31.4,68.5,1
9.15,16.12,25.55,8.8,31.3,68.2,1
9.18,16.05,26.1,8.59,31.3,67.3,1
9.18,15.85,25.15,8.86,31.3,67.3,1
9.08,15.85,25.55,8.59,31.3,66.5,1
9.11,15.79,25.15,8.56,31.3,64.3,1
9.29,16.05,24.5,8.73,31.4,63.7,1
9.22,15.98,26.1,8.73,31.4,64.9,1
9.15,15.46,26.24,8.9,31.3,63.8,1
9.18,15.92,24.63,8.49,31.4,65.1,1
9.01,14.85,24.37,8.8,31.4,66,1
9.11,14.91,24.5,8.59,31.4,64.9,1
8.97,14.79,24.89,9.04,31.4,66,1
9.15,14.97,25.55,9.04,31.4,67,1
9.18,15.15,26.39,8.9,31.4,67.2,1
9.18,15.03,26.67,8.8,31.4,64.1,1
9.08,14.49,25.69,8.83,31.4,65.2,1
9.01,14.79,24.63,8.73,31.4,64.2,1
8.97,14.2,24.37,8.9,31.4,62.5,1
8.94,14.43,24.25,8.93,31.4,63.2,1
8.87,14.26,24,8.86,31.5,61.4,1
8.76,13.92,24.37,8.69,31.5,63.2,1
8.94,14.37,25.15,8.69,31.5,65,1
8.83,13.92,24.25,8.62,31.5,60.3,1
9.01,14.03,24.89,8.46,31.5,62.7,1
8.9,13.92,25.96,8.76,31.5,64.8,1
8.83,13.64,25.02,8.8,31.5,65.9,1
8.63,13.11,23.75,8.8,31.5,66.4,1
8.73,13.16,23.75,8.62,31.5,66.8,1
8.56,12.85,23.63,8.66,31.5,66.8,1
8.56,12.8,23.04,8.36,31.5,67.2,1
8.59,12.85,23.88,8.66,31.5,67.7,1
8.52,12.55,26.96,8.66,31.5,68.1,1
8.52,12.59,24,8.26,31.5,68.1,1
8.66,12.85,23.88,8.23,31.5,68.1,1
8.59,12.64,23.63,8.36,31.6,65.6,1
8.42,12.25,23.04,8.62,31.5,66.7,1
8.39,12.11,22.7,8.56,31.6,67.8,1
8.39,12.11,23.39,9.4,31.6,68.1,1
8.29,12.06,23.04,9.51,31.6,68,1
8.26,12.01,22.92,9.55,31.6,65.4,1
8.42,12.2,23.88,9.4,31.6,65.7,1
8.36,12.15,23.27,9.29,31.6,66.5,1
8.29,11.96,23.39,9.62,31.6,64.1,1
8.29,11.87,22.81,9.55,31.6,65.7,1
8.29,11.92,24.5,9.55,31.6,64.8,1
8.2,11.5,22.7,9.48,31.6,65.3,1
8.2,11.59,25.55,9.66,31.6,65.7,1
8.07,11.28,23.39,9.59,31.6,66.5,1
8.16,11.55,23.04,9.66,31.6,65.8,1
8.07,11.41,23.04,9.66,31.6,64.5,1
8.23,11.41,24,9.33,31.6,64.4,1
8.16,11.41,23.51,9.44,31.6,65.1,1
8.16,11.32,22.7,9.51,31.6,66.1,1
8.2,11.41,24.76,9.74,31.7,66.2,1
8.2,11.19,22.81,9.44,31.6,65.9,1
8,10.84,22.36,9.51,31.7,66.6,1
7.91,10.55,22.03,9.59,31.7,66.9,1
8,10.76,21.81,9.66,31.7,67.4,1
7.88,10.55,21.81,9.62,31.6,66.6,1
7.85,10.68,21.6,9.44,31.7,65,1
7.81,10.27,21.81,9.7,31.7,65.2,1
7.78,10.51,21.71,9.62,31.7,66.4,1
7.91,10.63,22.7,9.66,31.6,63.7,1
7.91,10.51,22.25,9.48,31.7,65.9,1
7.78,10.47,21.29,9.48,31.7,66.3,1
7.88,10.59,21.92,9.7,31.7,64,1
7.78,10.55,21.49,9.48,31.7,63.6,1
7.75,10.07,21.39,9.89,31.7,61.7,1
7.78,10.35,21.49,9.97,31.7,63.6,1
7.81,10.19,21.71,9.81,31.7,64.6,1
7.72,10.35,21.18,9.59,31.7,62.5,1
7.75,9.99,21.71,9.59,31.7,64.1,1
7.85,10.07,21.6,9.74,31.8,63.7,1
7.81,9.99,22.03,9.85,31.7,63.7,1
7.78,10.19,21.29,9.89,31.7,63.2,1
7.66,9.64,20.29,9.97,31.7,63.5,1
7.57,9.49,20.38,9.81,31.8,64,1
7.6,9.38,20.98,9.89,31.7,62.9,1
7.69,9.53,21.29,9.93,31.8,64.6,1
7.72,9.49,20.78,9.85,31.8,64.9,1
7.72,9.57,21.71,9.81,31.8,65,1
7.6,9.68,20.88,9.89,31.8,62.8,1
7.69,9.42,21.18,9.62,31.8,61.5,1
7.54,9.27,20.58,9.66,31.8,63.6,1
7.66,9.27,24,9.81,31.8,63.3,1
7.72,9.42,21.29,9.01,31.8,61.4,1
7.66,9.38,21.39,10.21,31.8,62.3,1
7.69,9.46,20.98,9.93,31.8,63.3,1
7.6,9.27,22.7,9.97,31.8,60,1
7.57,9.09,22.47,9.81,31.8,61.6,1
7.51,9.02,20.98,9.78,31.8,61.5,1
7.57,8.99,18.99,9.51,31.8,60.2,1
7.51,8.85,20.19,9.93,31.8,62.1,1
7.54,8.88,20.48,9.93,31.8,63,1
7.54,8.71,20,9.93,31.8,63.6,1
7.48,8.68,20.78,9.93,31.8,63.1,1
7.39,8.61,19.81,9.97,31.9,64.5,1
7.48,8.64,20.58,9.89,31.8,64.5,1
7.57,8.88,18.91,9.85,31.8,62.2,1
7.57,9.02,20.78,9.89,31.8,59.3,1
7.69,9.31,21.29,9.85,31.8,57.8,1
7.63,9.24,20.68,9.89,31.9,56.9,1
7.72,9.24,21.39,9.89,31.9,55.5,1
7.78,9.17,21.29,9.97,31.9,55.5,1
7.69,9.13,20.98,10.05,31.8,56,1
7.69,9.2,20.38,10.21,31.9,54,1
7.66,9.2,20.48,10.13,31.9,53.3,1
7.66,8.95,20.09,9.55,31.9,52.2,1
7.63,8.64,19.9,9.48,31.9,54.4,1
7.57,8.31,19.72,9.4,31.9,57.2,1
7.6,8.34,19.35,9.26,32,58.2,1
7.63,8.64,19.81,9.4,32,58.2,1
7.57,8.61,19.26,9.33,32,53.5,1
7.69,8.81,20.48,9.4,32,53.8,1
7.78,9.2,20.78,9.33,32,52.6,1
7.81,9.46,23.27,9.4,32,50.8,1
7.88,9.31,21.71,9.29,31.9,51.2,1
7.75,9.13,20.78,9.36,32,51.5,1
7.78,8.64,19.81,9.48,32,51.2,1
7.69,8.51,18.82,9.11,32,54.3,1
7.66,8.18,19.44,9.29,32,54.9,1
7.66,8.18,19.17,9.4,32,55.9,1
7.63,8.11,19.62,9.36,32,56.2,1
7.6,8.21,19.44,9.36,32,58,1
7.54,8.02,18.91,9.36,32.1,56.6,1
7.42,7.8,18.39,9.26,32.1,55.3,1
7.36,7.55,18.56,9.33,32.1,57.6,1
7.51,7.86,18.56,9.18,32,58.1,1
7.51,7.92,18.99,9.15,32.1,58.1,1
7.54,7.95,21.49,9.01,32.1,56.6,1
7.45,7.99,18.56,9.22,32.1,58.7,1
7.39,8.28,21.39,9.48,32.1,57.1,1
7.36,7.8,18.99,9.44,32.1,53.9,1
7.39,7.65,18.82,9.33,32.1,56.1,1
7.27,7.55,20.88,9.33,32.1,57.5,1
7.27,7.68,18.48,9.44,32.1,57.7,1
7.39,7.68,18.73,9.33,32.1,57.9,1
7.27,7.83,19.08,8.93,32.1,57.5,1
7.27,7.77,19.08,9.29,32.1,54,1
7.33,7.86,18.06,9.08,32.1,53.5,1
7.33,7.89,19.53,9.4,32.1,53.6,1
7.36,7.65,18.99,9.44,32.2,52.7,1
7.33,7.49,18.48,9.18,32.2,55.3,1
7.3,7.58,18.99,9.18,32.2,57.1,1
7.3,7.46,17.19,9.11,32.2,54.4,1
7.42,7.55,18.91,9.18,32.2,56.1,1
7.36,7.49,18.82,9.44,32.1,56.3,1
7.78,7.43,18.65,9.44,32.2,57.3,1
7.33,7.46,18.91,9.22,32.2,58.2,1
7.33,7.55,18.82,9.11,32.2,57.9,1
7.16,7.32,19.35,9.33,32.2,57.5,1
7.19,7.35,18.06,9.01,32.2,58.7,1
7.1,7.35,16.96,9.44,32.2,55.7,1
7.1,7.11,16.66,9.26,32.2,56.4,1
7.13,7.06,17.57,9.15,32.2,57.6,1
7.07,7.11,20.19,9.18,32.2,58.7,1
7.1,7.17,18.73,9.36,32.2,57.1,1
6.99,7.09,17.81,9.33,32.2,57.3,1
6.96,6.92,17.26,9.18,32.2,58.3,1
7.04,7.09,17.5,8.93,32.2,59.4,1
7.07,7.06,17.9,9.22,32.2,59.4,1
7.07,6.97,17.9,9.08,32.2,59.1,1
7.04,7.03,17.98,9.29,32.2,60,1
7.07,7,18.06,8.83,32.2,59.8,1
7.01,7.06,17.65,8.13,32.2,60.9,1
6.96,6.92,17.65,9.4,32.2,59.3,1
7.04,6.94,17.9,9.62,32.2,60,1
6.93,6.78,16.51,9.62,32.2,61,1
6.96,7.06,16.88,9.55,32.2,59.6,1
6.79,6.7,16.73,9.48,32.2,60.5,1
6.87,6.64,16.73,9.59,32.2,60.7,1
6.87,6.72,16.81,9.4,32.2,61.8,1
6.55,6.59,15.67,9.44,32.2,61,1
6.87,6.67,16.59,9.51,32.2,58.9,1
6.85,6.83,15.87,9.55,32.3,59.2,1
6.93,6.89,17.26,9.44,32.2,55.9,1
6.96,6.83,17.26,9.29,32.2,57.3,1
6.85,6.72,16.59,9.59,32.3,56.4,1
6.85,6.72,17.11,9.62,32.3,55.8,1
6.85,6.67,16.44,9.22,32.3,58.2,1
6.87,6.78,18.48,9.4,32.3,59.1,1
6.9,6.75,16.96,9.33,32.3,57.9,1
6.85,6.7,16.73,9.66,32.3,57.5,1
6.87,6.51,16.51,9.59,32.3,57.9,1
6.93,6.64,16.96,9.59,32.3,59.2,1
7.04,7.06,17.73,9.85,32.4,58.8,1
6.93,7.09,18.14,9.55,32.4,54.1,1
6.99,7.2,17.57,9.29,32.4,52.2,1
7.19,7.35,17.9,9.81,32.3,50.1,1
7.27,7.32,17.98,9.81,32.4,49.6,1
7.19,7.09,17.19,9.44,32.3,51.1,1
7.16,7.14,18.82,8.93,32.4,51.4,1
7.19,6.92,19.35,8.29,32.4,51.3,1
7.27,6.83,17.03,9.04,32.4,53.6,1
7.21,7.03,17.03,9.04,32.4,54.9,1
7.27,7.11,17.03,8.59,32.4,53.6,1
7.13,6.7,16.01,8.66,32.4,55.3,1
7.13,6.67,16.08,8.26,32.4,55.9,1
7.07,6.59,16.44,7.91,32.4,53.6,1
6.96,6.38,15.6,8.56,32.4,55.5,1
7.07,6.38,16.15,8.39,32.4,57,1
6.9,6.25,15.6,8.46,32.4,57.7,1
6.96,6.35,15.67,8.76,32.5,58.5,1
6.82,6.25,16.37,8.49,32.4,58.4,1
6.85,6.22,15.6,8.36,32.4,59.3,2
6.85,6.25,17.34,8.56,32.4,59.6,2
6.76,6.25,15.27,8.42,32.4,59.4,2
6.74,6.19,15.33,8.26,32.5,60,2
6.79,6.09,14.88,8.62,32.4,59.6,2
6.74,6.12,15.47,8.49,32.4,60.5,2
6.79,6.12,15.47,8.46,32.5,58.7,2
6.74,6.12,15.01,8.42,32.5,57.8,2
6.74,5.99,14.63,8.23,32.4,58.3,2
6.68,6.02,15.14,8.07,32.4,59.6,2
6.74,6.12,15.4,8.13,32.4,59.8,2
6.76,6.17,15.67,8.42,32.5,59.4,2
6.85,6.3,15.53,7.72,32.4,60.4,2
6.85,6.45,17.34,8.46,32.5,58.4,2
6.9,6.51,16.15,8.23,32.4,53.5,2
6.96,6.48,15.6,7.48,32.5,54.9,2
7.01,6.3,16.01,8.32,32.4,54.2,2
6.96,6.27,15.94,8.26,32.5,56.4,2
7.01,6.19,15.67,8.26,32.5,56.8,2
6.93,6.22,15.74,8.19,32.5,57.3,2
6.76,6.04,14.88,8.23,32.5,58.5,2
6.79,6.07,15.01,8.23,32.5,58,2
6.82,6.04,14.76,8.07,32.5,55.6,2
6.79,5.92,15.01,8.49,32.5,56.4,2
6.71,5.75,13.97,8.16,32.5,57.6,2
6.76,5.89,14.69,8.36,32.5,58.7,2
6.71,5.87,14.45,8.13,32.5,58.5,2
6.74,5.92,14.88,8.07,32.6,57,2
6.71,5.84,14.32,8.13,32.6,58.1,2
6.68,5.84,14.63,8.1,32.6,58.1,2
6.76,5.63,13.51,7.85,32.6,57.5,2
6.71,5.58,13.85,7.45,32.6,58.6,2
6.71,5.67,13.97,8.13,32.6,59.1,2
6.65,5.67,13.07,8.19,32.6,59.4,2
6.65,5.65,13.74,8.1,32.6,58.9,2
6.57,5.46,13.62,8.16,32.6,59.4,2
6.55,5.46,13.29,8.23,32.6,60,2
6.49,5.12,13.45,8.16,32.6,60.5,2
6.52,5.32,13.57,8.1,32.6,60.8,2
6.63,5.18,13.45,7.97,32.6,59.5,2
6.52,5.12,13.45,8.03,32.6,59.8,2
6.55,5.37,13.07,8,32.6,56.1,2
6.79,5.65,12.39,8.16,32.6,54,2
6.82,5.55,13.74,7.91,32.6,51.1,2
6.85,5.7,14.63,8.23,32.6,50,2
7.04,5.92,15.01,8.07,32.6,49.2,2
7.1,5.94,16.37,7.88,32.7,50,2
7.21,5.77,14.57,7.69,32.6,49.7,2
7.19,5.6,14.14,8.03,32.7,50.7,2
7.19,6.07,15.2,7.97,32.7,51.9,2
7.3,5.7,12.75,7.91,32.6,50,2
7.3,5.79,14.26,7.66,32.6,50.8,2
7.33,5.94,13.51,7.97,32.6,50.2,2
7.36,5.99,12.04,7.91,32.7,50.5,2
7.27,6.04,13.91,8.03,32.7,50.6,2
7.3,6.17,14.32,7.51,32.7,50.3,2
7.33,6.32,15.53,7.97,32.7,49.8,2
7.45,6.25,14.32,7.81,32.7,48.9,2
7.36,6.27,14.32,7.91,32.7,49.6,2
7.36,6.07,14.51,7.81,32.7,49.1,2
7.3,5.94,14.57,7.75,32.7,50.2,2
7.3,5.99,14.38,7.85,32.7,50.6,2
7.33,5.87,13.79,7.72,32.7,51.5,2
7.3,5.6,6.9,7.94,32.7,50.5,2
7.27,5.63,13.23,7.75,32.7,52.6,2
7.16,5.65,13.4,7.75,32.7,51.3,2
7.13,5.65,12.59,7.81,32.7,50.1,2
7.1,5.77,13.4,7.69,32.7,50.8,2
7.19,5.51,12.86,7.88,32.7,50.4,2
7.19,5.58,13.91,7.78,32.7,50,2
7.16,5.39,12.8,7.75,32.7,49.9,2
7.07,5.46,12.49,7.88,32.7,52.3,2
7.1,5.46,12.65,7.75,32.7,51.5,2
7.07,5.14,11.47,7.72,32.7,52.1,2
7.13,5.18,11.52,7.75,32.7,53.7,2
6.99,5.23,11.38,7.81,32.7,52.6,2
6.99,5.23,11.25,7.51,32.7,52.5,2
6.99,5.25,11.07,7.54,32.8,52.1,2
6.99,5.41,11.99,7.63,32.7,52.7,2
7.07,5.7,12.14,7.72,32.7,52.7,2
7.07,5.6,12.24,7.33,32.7,50.7,2
7.13,5.63,13.29,7.72,32.7,50.1,2
7.1,4.96,12.8,7.72,32.7,50.5,2
7.19,5.14,12.09,7.54,32.7,51.2,2
7.13,5.58,12.19,6.99,32.7,50.8,2
7.13,5.58,12.19,7.24,32.8,51.7,2
7.21,5.84,13.12,7.72,32.8,52.1,2
7.19,5.51,12.44,7.39,32.8,49.9,2
7.1,5.21,12.34,7.45,32.8,50.2,2
6.93,5.21,12.29,7.54,32.8,53.7,2
6.87,5.23,11.95,7.6,32.8,54.1,2
6.87,5.16,12.24,7.63,32.8,55.3,2
6.82,4.22,8.8,7.6,32.8,55.6,2
6.76,4.56,9.83,7.48,32.8,56.9,2
6.71,5.01,10.81,7.57,32.8,57.4,2
6.76,5.48,10.85,7.66,32.8,57.2,2
6.74,5.32,11.9,7.57,32.8,52.4,2
6.68,5.32,11.47,7.69,32.8,54.9,2
6.68,5.05,11.29,7.69,32.8,55.2,2
6.6,5.1,11.61,7.66,32.8,56.7,2
6.63,5.07,11.2,7.57,32.8,56.7,2
6.63,4.5,10.85,7.3,32.8,56.9,2
6.55,4.77,10.76,7.24,32.8,57.4,2
6.52,4.85,10.98,7.45,32.9,57.1,2
6.49,4.9,9.83,7.51,32.9,57.9,2
6.55,4.73,10.22,7.3,32.8,57.3,2
6.52,4.85,10.43,7.54,32.9,58.3,2
6.63,4.94,10.76,7.51,32.9,58,2
6.55,4.38,9.71,7.45,32.9,57.1,2
6.57,4.79,10.72,7.6,32.9,57.7,2
6.52,4.92,10.94,7.54,32.9,57.4,2
6.57,5.03,11.61,7.3,32.9,56.9,2
6.55,4.46,10.98,7.45,32.9,57.8,2
6.52,4.58,10.68,7.39,32.9,57.5,2
6.41,4.81,10.51,7.48,32.9,58.1,2
6.44,4.88,10.14,7.24,32.9,57.7,2
6.47,4.77,10.38,7.36,32.9,56.4,2
6.36,4.99,9.75,7.39,32.9,58.5,2
6.39,4.27,9.41,7.16,32.9,56.7,2
6.44,4.64,9.6,7.27,32.9,57.6,2
6.36,4.83,9.9,7.13,32.9,57.1,2
6.44,4.88,10.76,7.16,32.9,57.6,2
6.39,4.5,10.38,7.24,32.9,58.8,2
6.41,4.48,9.75,7.1,32.9,56.8,2
6.47,4.66,10.51,7.16,32.9,58.8,2
6.41,4.75,10.43,6.23,32.9,58.9,2
6.36,4.68,10.43,6.1,32.9,58.9,2
6.28,4.38,9.63,6.1,32.9,60,2
6.31,3.98,8.91,5.98,32.9,57.9,2
6.28,4.18,8.63,6.08,32.9,58.6,2
6.26,4.33,9.15,6.13,32.9,58.2,2
6.31,4.4,9.12,6.18,32.9,57.9,2
6.33,4.46,9.98,6.36,32.9,58.3,2
6.36,4.18,9.9,6.13,32.9,57.7,2
6.36,4.12,8.73,6.96,32.9,59.6,2
6.39,4.1,10.59,6.08,32.9,58.8,2
6.33,4.27,9.6,5.98,33,58.2,2
6.31,4.54,10.18,6.05,32.9,59,2
6.31,4.44,9.56,6.13,33,60,2
6.33,4.27,9.08,6,32.9,59.6,2
6.33,4.29,9.26,6.18,33,55.7,2
6.33,4.48,10.18,5.95,33,57.3,2
6.31,4.38,10.47,6.05,32.9,57.3,2
6.44,4.18,10.81,6,33,58.6,2
6.41,3.47,10.14,6,33,57.9,2
6.41,3.78,10.14,6.1,33,58.6,2
6.31,3.93,10.22,6.1,33,59.5,2
6.31,4,9.9,6.05,33,59.9,2
6.23,3.93,9.45,6.85,33,61.2,2
6.18,3.4,8.94,6.23,33,61.5,2
6.13,3.38,6.9,6.9,33,62.3,2
6.1,3.96,9.71,6.96,33,59.7,2
6.21,4.94,9.94,6.05,33,59,2
6.26,4.38,10.34,5.93,33,58.2,2
6.23,3.41,9.3,5.83,33,56.7,2
6.28,3.4,8.91,6.08,33,57.3,2
6.28,3.61,9.08,5.98,33,58.8,2
6.63,3.79,9.56,6.82,33,58.9,2
6.28,3.96,9.48,6.05,33.1,60.2,2
6.31,3.87,9.15,6.87,33.1,60.2,2
6.21,4.33,9.15,6,33.1,61,2
6.21,3.4,9.23,6.08,33.1,60.5,2
6.15,2.88,8.8,6.93,33.1,59.9,2
6.1,3.5,8.27,6.9,33.2,60.5,2
6.08,3.74,9.19,6.9,33.2,61,2
6.1,3.36,9.08,7.04,33.2,61.1,2
6.1,3.93,8.94,6.99,33.2,61.5,2
6.05,3.76,9.08,6.47,33.2,61.8,2
6.08,3.78,9.75,6.71,33.2,58.7,2
6.08,3.74,9.34,6.28,33.3,60.2,2
6.05,3.76,9.56,6.74,33.3,61.5,2
6.05,3.38,9.3,6.82,33.3,61.5,2
6.21,3.24,9.86,6.74,33.3,61.8,2
6.23,3.02,9.37,6.52,33.3,59.2,2
6.23,3.68,9.48,6.31,33.4,59.9,2
6.21,3.57,9.19,6.36,33.4,60,2
6.21,3.59,9.86,6.65,33.4,59.8,2
6.23,2.8,8.01,6.36,33.4,60.4,2
6.18,3.76,9.45,6.68,33.4,60.3,2
6.18,3.61,9.9,6.23,33.4,61.1,2
6.26,3.61,10.02,6.47,33.4,61.8,2
6.41,3.63,9.83,7.07,33.4,60.3,2
6.28,3.45,9.3,5.88,33.4,59.4,2
6.18,3.45,8.73,6.41,33.5,59.9,2
6.15,3.49,9.05,6.52,33.5,59.3,2
6.21,3.52,9.41,7.01,33.5,60.8,2
6.15,3.49,9.67,6.9,33.5,60.5,2
6.23,3.49,9.34,6.96,33.5,59.9,2
6.26,3.45,8.91,6.87,33.4,57.8,2
6.41,3.5,9.3,6.9,33.5,53.7,2
6.39,3.47,9.05,6.79,33.5,53.5,2
6.49,3.5,9.83,6.82,33.5,52.5,2
6.49,3.47,9.98,6.71,33.5,50.5,2
6.6,3.45,9.94,6.68,33.5,50.4,2
6.49,3.36,8.67,6.44,33.5,53.7,2
6.49,3.52,8.94,7.04,33.5,54.8,2
6.36,3.43,9.15,6.96,33.5,56.8,2
6.26,3.38,8.8,6.63,33.5,57.7,2
6.23,3.38,8.87,6.9,33.5,57.4,2
6.23,3.4,9.3,6.99,33.5,57.6,2
6.21,3.4,7.77,7.1,33.5,57.1,2
6.36,3.41,9.37,6.93,33.5,57.2,2
6.31,2.5,9.12,6.85,33.5,56.9,2
6.28,3.4,9.12,6.96,33.5,57.4,2
6.28,3.22,9.3,6.85,33.5,57.6,2
6.15,3.41,10.1,6.99,33.4,57.4,2
6.1,3.38,8.7,6.99,33.4,58.9,2
6.08,3.4,8.87,6.87,33.4,58.9,2
6.08,3.33,8.67,6.99,33.4,59.3,2
6.08,3.57,9.41,6.99,33.4,59.6,2
6.13,3.45,9.41,6.68,33.4,57.5,2
6.18,3.45,9.41,6.82,33.4,57.2,2
6.08,3.38,9.15,6.99,33.4,59.3,2
6.21,3.43,9.08,6.87,33.4,59.2,2
6.21,3.4,9.45,6.85,33.3,59.4,2
6.08,3.59,9.37,6.9,33.3,60.2,2
6.13,3.43,10.1,6.82,33.3,59.7,2
6.21,3.45,9.67,6.9,33.3,60.8,2
6.23,3.38,8.8,6.41,33.3,59.5,2
6.21,3.41,9.01,6.85,33.3,57.9,2
6.18,3.43,9.01,6.85,33.3,59.9,2
6.1,3.28,8.87,6.68,33.2,58.7,2
6.05,3.36,9.01,6.65,33.2,60.1,2
6.08,3.33,9.23,6.9,33.2,59.1,2
6.08,3.29,7.95,6.9,33.2,59.2,2
5.98,3.31,8.24,6.93,33.2,59.6,2
6,3.29,8.27,6.87,33.2,60.4,2
5.93,3.31,8.63,6.87,33.2,61.6,2
5.8,3.31,9.01,6.9,33.2,62.3,2
6.03,3.33,9.37,6.82,33.2,62.1,2
6.03,3.31,10.06,6.99,33.2,61.8,2
6.05,3.33,8.77,6.82,33.2,61.7,2
6.08,3.31,8.5,6.63,33.2,59.6,2
5.98,3.35,9.01,6.9,33.2,62,2
6.03,3.35,9.45,6.93,33.2,61.5,2
5.98,3.28,8.4,6.85,33.1,61.5,2
6.05,3.35,8.7,6.9,33.1,62.5,2
5.88,3.28,8.67,6.9,33.1,62.1,2
5.9,3.26,7.98,6.87,33.1,62.5,2
5.93,3.28,8.4,6.82,33.1,63.3,2
5.83,3.24,8.3,6.79,33.1,63.1,2
5.85,3.26,8.63,6.63,33.1,62.2,2
5.88,3.26,8.46,6.9,33.1,61.8,2
5.95,3.29,9.08,6.99,33.1,63.1,2
6.05,3.22,9.19,6.74,33.1,59.2,2
6,3.24,8.4,6.63,33,60,2
6.03,3.26,8.05,6.82,33.1,60.3,2
6.03,3.26,8.94,6.74,33,61.1,2
6.03,3.29,8.8,6.79,33,61.7,2
6.03,3.26,8.91,6.93,33,62.1,2
5.98,3.24,8.77,6.82,33,62.9,2
6,3.26,9.01,6.76,33,62.4,2
5.98,3.26,8.53,6.79,33.1,63,2
5.93,3.21,7.89,6.65,33,61.2,2
5.95,2.91,8.14,6.79,33,62.8,2
5.93,2.72,8.4,6.87,33,62.7,2
6,2.7,8.2,6.63,33,62.8,2
5.93,2.81,7.77,6.76,33,61.4,2
5.95,2.88,8.24,6.85,33,61.7,2
5.93,3.01,8.37,6.9,33,63.3,2
5.95,3.22,8.43,6.79,33,64,2
5.98,3.35,8.43,6.9,33,64.7,2
5.98,3.31,8.14,6.76,33,65.4,2
5.98,3.31,8.24,6.49,33,65.9,2
5.88,3.28,7.92,6.65,33,66.5,2
6,3.31,7.98,6.93,33,66.5,2
5.98,2.32,7.86,6.93,33,61.2,2
6.05,2.36,8.33,6.87,33,63,2
6.03,3.21,8.87,6.82,33,61.9,2
6.03,3.07,8.33,6.76,33,63.2,2
6.08,3.11,8.56,6.71,33,61.4,2
6.18,3.12,8.77,6.85,33,59.8,2
6.23,3.14,8.84,6.82,33,59.6,2
6.33,3.12,9.52,6.74,33,57.7,2
6.33,3.14,8.91,6.65,33,57.3,2
6.31,3.12,9.01,7.13,33,59.3,2
6.26,3.11,8.56,6.34,33,60.5,2
6.21,3.12,8.56,6.36,33,62.2,2
6.26,3.12,8.3,6.6,33,62.9,2
6.31,3.12,8.46,6.82,33,58.7,2
6.28,3.11,8.87,6.87,33,59.2,2
6.28,3.11,7.71,6.36,33,58.7,2
6.31,3.12,8.87,6.82,33,60,2
6.31,3.11,8.6,6.87,33,58.9,2
6.31,3.14,8.7,6.65,32.9,59.2,2
6.28,3.12,8.91,6.63,33,61.2,2
6.23,3.11,8.4,6.74,33,62.5,2
6.28,3.14,8.7,6.76,33,62.5,2
6.31,3.11,9.52,6.63,33,58.5,2
6.47,3.12,9.34,6.76,32.9,55.7,2
6.49,3.16,9.19,6.63,33,56.8,2
6.41,3.11,9.63,5.69,33,57.1,2
6.44,3.09,9.19,6.57,32.9,58,2
6.39,3.11,9.12,6.26,32.9,56.7,2
6.28,3.11,8.5,5.66,32.9,58.4,2
6.33,3.06,8.37,5.57,32.9,57.1,2
6.23,3.04,8.05,5.54,33,57.4,2
6.15,3.04,8.17,5.47,33,59.3,2
6.15,3.07,7.92,5.57,33,60.4,2
6,3.06,8.27,5.57,32.9,60.9,2
6,3.06,8.17,5.52,32.9,61.9,2
6,3.06,7.92,5.52,32.9,61.5,2
6,3.06,8.08,5.47,32.9,60.3,2
6.03,3.07,8.24,5.38,32.9,59.9,2
6.08,3.06,8.94,5.54,32.9,59.2,2
6,3.04,8.53,5.36,33,60.8,2
6,3.06,8.24,5.43,32.9,61,2
6.05,3.06,8.37,5.36,32.9,62.6,2
5.98,3.04,7.98,5.33,32.9,62.5,2
5.95,3.07,8.27,5.43,32.9,63.7,2
5.93,3.04,8.4,5.4,32.9,62.8,2
6,3.04,8.33,5.4,32.9,60,2
5.93,3.02,8.3,5.38,32.9,61.6,2
6.05,3.07,8.77,5.36,32.9,58.9,2
6.05,3.06,8.73,5.4,32.9,59.1,2
6.03,3.07,8.46,5.45,32.9,61,2
6,3.04,7.21,5.43,32.9,62.6,2
5.98,3.06,8.3,5.33,32.9,61.8,2
6.05,3.07,7.98,5.52,32.9,61.8,2
6,3.04,8.2,5.52,32.9,57.6,2
6.05,3.04,8.63,5.45,32.9,59.6,2
6.03,3.06,8.14,5.47,32.9,61.5,2
6,3.07,8.37,5.45,32.9,62.4,2
5.98,3.09,8.73,5.36,32.9,63.1,2
5.95,3.07,8.6,5.5,32.9,64.2,2
5.88,3.07,8.4,6.31,32.9,64.9,2
5.8,3.02,8.08,5.29,32.9,65.5,2
5.85,3.04,8.27,5.4,32.9,65.1,2
5.85,3.04,8.37,5.38,32.9,62.5,2
5.93,3.06,8.8,5.24,32.9,60.2,2
6.08,3.07,9.23,5.27,32.9,58.1,2
6.08,3.06,8.46,5.43,33,56.2,2
6.05,3.04,8.27,5.4,32.9,58.9,2
6.03,3.06,8.63,5.31,32.9,60,2
6.03,3.06,8.3,5.33,32.9,59.9,2
5.98,3.07,7.59,5.33,32.9,61.3,2
6,3.06,7.89,5.13,32.9,61.1,2
5.93,3.04,8.05,5.22,32.9,61.6,2
6.03,3.07,8.2,5.24,32.9,64,2
6.05,3.09,8.46,5.24,32.9,61.7,2
6.05,3.09,8.6,5.31,32.9,59.5,2
6,3.07,8.24,5.36,32.9,62,2
6,3.06,8.08,5.17,32.9,64.1,2
5.95,3.09,8.27,5.31,32.9,62.9,2
5.78,3.04,8.2,5.22,32.9,64.2,2
5.83,3.06,8.05,5.27,32.9,65.3,2
5.76,3.04,8.53,5.24,32.9,64.8,2
5.76,3.02,8.24,5.24,32.9,65,2
5.76,3.04,7.98,5.17,33,65.7,2
5.85,3.06,8.5,5.31,32.9,61.6,2
5.88,3.06,8.43,5.17,33,62.5,2
5.85,3.02,8.6,5.29,32.9,63.1,2
5.88,3.06,8.37,5.29,32.9,64.3,2
5.9,3.06,8.17,5.09,32.9,63.9,2
5.9,3.06,8.7,5.17,33,65,2
5.78,3.07,8.05,5.15,32.9,65.1,2
5.66,3.04,7.71,5.17,32.9,66.5,2
5.68,3.06,7.8,5.13,32.9,66.7,2
5.68,3.04,7.98,5.2,32.9,67.5,2
5.73,3.02,8.46,5.22,33,66.4,2
5.76,3.04,8.53,5.09,32.9,66.9,2
5.66,3.02,8.5,5.17,32.9,68.1,2
5.68,3.01,7.92,5.15,32.9,68.1,2
5.71,2.99,8.33,5.13,32.9,64.9,2
5.66,2.97,8.43,5.17,32.9,64.8,2
5.73,2.99,8.6,5.17,33,65.7,2
5.76,2.99,8.14,5.11,32.9,62.2,2
5.83,3.01,8.24,5.13,32.9,61.9,2
6.03,3.04,9.15,5.17,32.9,61,2
6.03,3.06,8.8,5.13,32.9,60.4,2
6.05,3.04,8.73,5.02,32.9,60.6,2
5.98,3.02,8.56,4.95,32.9,60.5,2
5.95,3.04,8.87,5.11,32.9,62.2,2
6,3.02,9.26,5.13,32.9,62.6,2
6.03,3.02,9.6,5.11,32.9,60.8,2
6.08,3.02,7.71,5.02,32.9,60.3,2
6.05,3.01,8.56,5.09,32.9,59.5,2
5.93,3.01,8.87,5,32.9,61.9,2
5.93,3.04,8.46,5.06,32.9,63.9,2
5.93,3.06,8.46,5.09,32.9,65,2
5.98,3.07,9.3,5.04,32.9,65.2,2
5.93,3.04,8.77,5.11,32.9,64.8,2
5.95,3.07,8.37,5,32.9,64.8,2
5.88,3.04,8.14,5.13,32.9,66.4,2
5.83,3.06,8.56,5.02,32.9,65.1,2
5.85,3.04,8.67,5.04,32.9,65,2
5.85,3.04,8.8,5.13,32.9,64,2
5.93,3.07,8.94,4.91,32.9,62.9,2
5.93,3.04,8.73,5,32.9,62.2,2
5.9,3.07,9.12,4.89,32.9,63.6,2
6,3.04,9.3,5,32.9,62.8,2
6,3.07,9.23,5.09,32.9,60.4,2
6,3.04,9.19,4.84,32.9,61.9,2
6,3.04,8.84,5.06,32.9,61.4,2
5.95,3.02,8.7,5.11,32.9,63.5,2
5.8,2.99,8.63,5.11,32.9,65,2
5.73,2.99,8.6,5.02,32.9,66.5,2
5.71,2.99,8.37,5.06,32.9,66.5,2
5.71,2.99,8.7,5.04,32.9,65.7,2
5.76,3.04,8.5,5,32.9,65.8,2
5.85,3.04,9.01,5.04,32.9,66.7,2
5.88,3.04,8.56,4.98,32.9,64.9,2
5.76,2.99,8.6,4.91,32.9,63.6,2
5.85,3.01,8.24,5.04,32.9,61.5,2
5.9,3.02,8.73,4.95,32.9,62.5,2
6.21,3.01,9.37,5.04,32.9,63.3,2
5.9,3.02,8.7,5,32.9,62.7,2
6,3.01,8.91,4.98,32.9,61.6,2
5.95,3.01,8.73,5.04,32.9,62,2
5.9,3.01,8.8,4.93,32.9,61.3,2
6.03,3.21,9.05,4.98,32.9,60.3,2
6.05,3.04,8.98,4.95,32.9,61.5,2
6,3.04,8.63,4.8,32.9,61.3,2
6.03,3.02,9.48,4.89,32.9,63,2
5.83,2.96,8.56,4.87,32.9,64.3,2
5.83,2.99,8.46,4.67,32.9,66,2
5.83,2.97,9.23,4.84,32.9,64.3,2
5.93,3.02,8.43,4.78,32.9,61.9,2
5.93,2.86,8.63,4.8,32.9,62.4,2
5.95,2.86,8.7,4.84,32.9,63.3,2
5.93,2.88,8.84,4.53,32.9,62.5,2
5.93,2.88,9.6,4.93,32.9,62.5,2
5.95,2.84,7.95,4.74,32.9,61.9,2
6.05,2.91,8.87,4.84,32.9,60.1,2
6.1,2.92,8.63,5,32.8,60,2
6.1,2.94,9.37,5,32.9,61.3,2
6.13,2.92,9.08,4.95,32.8,61.9,2
6.05,2.91,9.15,4.76,32.8,61.5,2
6.08,2.92,9.34,4.91,32.8,61.2,2
6.1,2.92,9.34,4.82,32.8,59.8,2
6.05,2.89,9.75,4.87,32.8,60.5,2
6.23,2.96,9.26,4.89,32.8,61.4,2
6.18,2.92,8.94,4.87,32.8,61.1,2
6.18,2.96,9.6,4.87,32.8,61.5,2
6.15,2.92,9.12,4.89,32.8,60.7,2
6.23,2.96,9.05,4.89,32.8,60.5,2
6.18,2.96,8.73,4.8,32.8,62,2
6.1,2.96,8.56,4.87,32.8,63.1,2
5.95,2.91,8.77,4.76,32.8,63,2
5.95,2.89,8.33,4.8,32.8,64.8,2
5.85,2.89,8.14,4.87,32.8,64.8,2
5.85,2.88,8.91,4.7,32.8,63.7,2
5.76,2.86,8.33,4.95,32.8,61.5,2
5.85,2.89,8.46,5,32.8,63.3,2
5.83,2.88,8.01,4.87,32.8,64.2,2
5.8,2.88,7.95,4.8,32.8,64.8,2
5.88,2.91,8.08,4.87,32.8,62.9,2
5.8,2.86,8.2,4.74,32.8,62.8,2
5.88,2.8,7.8,4.74,32.8,62.6,2
5.83,2.81,8.3,4.8,32.8,62.4,2
5.9,2.81,8.33,4.78,32.8,62.5,2
5.93,2.83,8.98,4.76,32.8,63.4,2
5.98,2.86,8.6,4.8,32.8,60.9,2
6.05,2.89,8.5,4.84,32.8,60.8,2
6.1,2.92,8.56,4.8,32.8,62.4,2
6,2.88,7.92,4.82,32.8,62.2,2
6,2.92,8.33,4.78,32.8,61.9,2
5.95,2.89,8.24,4.84,32.8,63.5,2
6.03,2.91,8.6,4.78,32.8,62.4,2
6,2.88,7.95,4.76,32.8,62.2,2
6.03,2.89,8.73,4.74,32.8,61.1,2
6.05,2.88,8.73,4.35,32.8,61.4,2
6.05,2.91,8.73,4.67,32.8,62.6,2
6.13,2.94,8.98,4.33,32.7,63,2
6.13,2.94,8.84,4.65,32.8,62.9,2
6.08,2.92,8.91,4.78,32.8,62.3,2
6.08,2.97,8.94,4.65,32.8,63.9,2
6.03,2.91,8.53,4.78,32.8,64.7,2
5.98,2.91,8.91,4.63,32.8,63.8,2
5.98,2.92,8.7,4.74,32.8,64.2,2
6.03,2.94,7.8,4.67,32.8,63.8,2
5.9,3.07,8.7,4.76,32.8,64.2,2
5.95,2.92,9.12,4.65,32.8,65.2,2
5.85,2.92,8.67,4.76,32.8,66.8,2
5.83,2.91,8.43,4.8,32.8,66.8,2
5.76,2.91,7.92,4.76,32.8,67.1,2
5.66,2.88,8.37,4.7,32.8,67.1,2
5.71,2.89,8.8,4.72,32.8,68,2
5.71,2.89,8.63,4.67,32.8,67.8,2
5.66,2.88,8.46,4.65,32.8,67.5,2
5.68,2.86,8.94,4.53,32.8,66.7,2
5.68,2.88,8.6,4.53,32.8,67,2
5.66,2.88,8.6,4.51,32.8,66.9,2
5.71,2.89,8.8,4.61,32.8,67.7,2
5.76,2.92,9.12,4.61,32.8,69,2
5.78,2.91,8.91,4.7,32.8,68.2,2
5.68,2.88,9.01,4.7,32.8,68.1,2
5.71,2.89,8.6,4.57,32.8,68.1,2
5.73,2.89,8.11,4.59,32.8,68.4,2
5.71,2.89,7.71,4.61,32.8,68.4,2
5.66,2.88,8.17,4.59,32.8,67.9,2
5.66,2.91,7.95,4.63,32.8,69,2
5.59,2.89,8.77,4.55,32.8,69.1,2
5.59,2.91,8.63,4.57,32.8,69.1,2
5.61,2.89,8.77,4.59,32.8,68.1,2
5.71,2.92,7.86,4.59,32.8,67.9,2
5.61,2.88,8.6,4.55,32.8,68.5,2
5.56,2.91,8.63,4.57,32.8,69.7,2
5.52,2.88,8.7,4.65,32.8,70.7,2
5.66,2.94,8.91,4.59,32.8,69.7,2
5.68,2.94,8.53,4.65,32.8,69.7,2
5.68,2.92,8.67,4.59,32.8,68.5,2
5.64,2.91,8.5,4.57,32.8,68.8,2
5.59,2.88,7.83,4.59,32.8,68.9,2
5.52,2.88,7.98,4.43,32.8,69.7,2
5.47,2.89,7.38,4.61,32.8,68.2,2
5.47,2.89,8.08,4.61,32.8,69.5,2
5.56,2.94,8.24,4.74,32.8,68.4,2
5.54,2.92,8.3,5.57,32.8,68.7,2
5.61,2.96,9.01,5.57,32.8,68.4,2
5.59,2.92,9.41,5.5,32.8,68.9,2
5.66,2.94,9.26,5.52,32.8,68.5,2
5.61,2.92,9.01,5.52,32.8,69.2,2
5.64,2.92,9.37,5.5,32.8,70.1,2
5.68,2.96,9.37,5.36,32.8,69.7,2
5.71,2.92,8.77,5.38,32.8,67.9,2
5.71,2.94,9.15,5.31,32.8,68.4,2
5.68,2.92,9.41,5.38,32.8,69.5,2
5.68,2.92,9.9,5.38,32.8,70.1,2
5.71,2.94,8.7,5.38,32.8,70.3,2
5.68,2.92,9.56,5.36,32.8,70.7,2
5.59,2.91,9.56,5.24,32.8,70.5,2
5.56,2.91,8.73,5.31,32.8,71.1,2
5.59,2.89,8.46,5.52,32.8,71,2
5.59,2.89,8.91,5.54,32.8,70.1,2
5.56,2.89,9.01,5.66,32.8,71,2
5.54,2.88,8.7,5.47,32.8,70.3,2
5.61,2.89,8.67,5.59,32.8,70.4,2
5.61,2.92,8.91,5.54,32.8,70.4,2
5.59,2.91,9.26,5.45,32.8,71.4,2
5.56,2.91,8.7,5.47,32.8,71.5,2
5.49,2.89,8.77,5.4,32.8,71.7,2
5.54,2.89,8.63,5.43,32.8,71.5,2
5.52,2.91,8.53,5.43,32.8,71.7,2
5.54,2.91,8.6,5.33,32.8,71.2,2
5.61,2.92,9.08,5.61,32.8,70.4,2
5.59,2.91,8.98,5.45,32.8,68.8,2
5.71,2.94,8.91,5.47,32.8,69.5,2
5.68,2.94,9.34,5.38,32.8,70.3,2
5.73,2.96,9.12,5.47,32.8,70.1,2
5.71,2.94,9.15,5.04,32.8,70.1,3
5.59,2.91,8.01,5.47,32.8,71,3
5.4,2.89,7.53,5.5,32.8,71,3
5.35,2.89,7.65,5.5,32.8,72.2,3
5.28,2.86,7.92,5.52,32.8,72.2,3
5.33,2.81,8.01,5.61,32.8,71.5,3
5.31,2.78,8.56,5.47,32.8,71.5,3
5.42,3.09,8.37,4.45,32.8,72.3,3
5.38,3.07,8.63,4.51,32.7,71.9,3
5.47,3.11,8.84,4.55,32.8,71.7,3
5.49,3.07,8.91,4.55,32.7,70.9,3
5.54,3.04,8.67,4.47,32.8,70.3,3
5.54,3.06,8.87,4.53,32.7,70,3
5.54,3.06,8.63,4.55,32.8,70.8,3
5.47,3.06,8.46,4.55,32.8,71.5,3
5.42,3.06,8.63,4.47,32.7,71.7,3
5.54,3.07,8.87,4.59,32.7,70.9,3
5.59,3.09,9.01,4.55,32.7,70.1,3
5.26,3.28,8.98,4.59,32.7,70.4,3
5.59,3.07,8.94,4.53,32.7,70.7,3
5.56,3.09,9.05,4.67,32.7,71.3,3
5.59,3.07,8.2,5.29,32.7,70.3,3
5.54,3.06,8.6,4.45,32.7,69.6,3
5.49,3.04,8.33,4.29,32.7,70.7,3
5.52,3.06,8.77,4.49,32.7,70.5,3
5.54,3.07,8.91,4.47,32.7,70.7,3
5.66,3.09,9.08,4.61,32.7,71.6,3
5.66,3.11,9.83,4.55,32.7,69.7,3
5.71,3.11,9.01,4.57,32.7,68.2,3
5.64,3.07,8.94,4.55,32.7,69,3
5.66,3.04,9.01,4.65,32.7,68.9,3
5.61,3.04,8.43,4.49,32.7,68.3,3
5.59,3.06,8.8,4.45,32.7,69,3
5.66,3.07,8.6,4.47,32.7,68.8,3
5.71,3.09,9.26,4.57,32.7,68.3,3
5.68,3.09,8.8,4.53,32.7,67.9,3
5.71,3.11,8.7,4.55,32.7,68.9,3
5.66,3.09,8.6,4.55,32.7,69,3
5.64,3.07,8.8,4.55,32.6,68.2,3
5.71,3.07,8.84,4.55,32.6,67.1,3
5.78,3.11,8.7,4.59,32.6,65.1,3
5.8,3.11,8.5,4.49,32.6,65.4,3
5.73,3.09,8.17,4.45,32.6,65.8,3
5.71,3.11,8.6,4.53,32.6,66.6,3
5.73,3.11,7.89,4.55,32.6,66.9,3
5.78,3.12,8.67,5.27,32.6,66.7,3
5.8,3.14,8.98,5.17,32.6,64.8,3
5.88,3.14,9.15,5.2,32.6,64.6,3
5.98,3.17,9.12,5.2,32.6,64.7,3
5.9,3.14,9.01,5.17,32.5,62.4,3
5.9,3.16,9.15,5.33,32.5,64.9,3
5.93,3.16,8.3,5.11,32.5,66,3
5.9,3.16,8.63,4.51,32.5,66.1,3
5.9,3.14,8.53,4.59,32.5,64,3
5.98,3.17,8.3,4.49,32.5,62.2,3
5.9,3.17,8.33,4.93,32.5,63.4,3
5.93,3.16,8.7,4.57,32.5,65,3
5.95,3.19,8.7,4.57,32.5,65.2,3
5.98,3.19,9.19,4.53,32.5,63.5,3
5.98,3.19,8.5,4.45,32.4,63.2,3
6,3.17,8.56,4.95,32.4,62.8,3
5.93,3.19,8.5,4.45,32.4,63.3,3
5.88,3.16,8.5,5.15,32.5,65.2,3
5.93,2.23,8.56,4.91,32.4,65.2,3
5.95,3.19,8.37,5.54,32.4,63.8,3
5.95,3.16,8.67,5.2,32.5,63.6,3
5.9,3.16,8.46,4.98,32.4,64.1,3
5.98,3.19,8.7,5.15,32.4,64.2,3
5.9,3.17,8.7,5.17,32.4,64.1,3
5.95,3.21,8.67,5.22,32.4,63.8,3
5.95,3.19,8.63,5.13,32.4,62.8,3
6.03,3.19,8.91,5.24,32.4,63.6,3
5.95,3.17,7.01,5.22,32.4,62.8,3
5.85,3.17,7.35,5.17,32.4,63.5,3
5.35,3.35,7.74,5.17,32.4,64.3,3
5.78,3.17,7.98,5.17,32.3,63.8,3
5.76,3.19,8.4,5.33,32.4,64.3,3
5.76,3.21,8.3,5.13,32.4,64.3,3
5.71,3.19,7.68,5.13,32.3,63.5,3
5.71,3.17,7.92,5.22,32.4,65.2,3
5.66,3.17,7.83,5.11,32.3,66.1,3
5.49,3.14,8.01,5.02,32.3,66.1,3
5.54,3.16,7.92,5.31,32.3,67.8,3
5.52,3.12,8.14,5.22,32.3,65.6,3
5.64,3.16,8.05,5.27,32.3,63.9,3
5.56,3.16,7.95,5.24,32.3,64.3,3
5.56,3.16,7.98,4.15,32.3,64.3,3
5.68,3.16,7.98,5,32.3,63.8,3
5.64,3.16,8.24,4.98,32.4,64,3
5.66,3.17,8.05,5.04,32.3,65,3
5.66,3.14,8.11,4.11,32.3,66.2,3
5.64,3.14,8.11,5.24,32.3,64.1,3
5.66,3.17,8.3,4.17,32.3,63.9,3
5.76,3.16,8.4,5.06,32.3,62.3,3
5.78,3.16,8.43,4.15,32.3,61.6,3
5.85,3.16,8.56,4.31,32.3,62.4,3
5.85,3.17,8.37,4.09,32.3,62.6,3
5.85,3.17,8.67,4.11,32.3,62.1,3
5.85,3.16,8.46,4.21,32.3,63,3
5.9,3.19,8.6,4.19,32.3,62,3
5.85,3.16,8.11,4.15,32.2,62.8,3
5.83,3.16,8.6,5.02,32.2,61.9,3
5.95,3.17,8.37,4.11,32.2,62.7,3
5.93,3.16,8.01,4.19,32.2,59.8,3
5.95,3.17,7.77,5.06,32.2,60,3
5.98,2.86,8.33,5.2,32.2,61.9,3
5.85,3.19,8.27,3.94,32.2,61.7,3
5.83,3.19,7.89,5.02,32.2,64.8,3
5.8,3.19,7.56,4.07,32.2,65.1,3
5.71,3.16,8.24,4.01,32.2,63.4,3
5.76,3.14,8.46,3.99,32.2,62.6,3
5.8,3.16,8.3,4.03,32.2,63.5,3
5.8,3.16,8.17,3.99,32.1,62.3,3
5.93,3.17,8.43,4.03,32.2,60.6,3
5.88,3.21,8.24,3.97,32.2,61.3,3
5.8,3.21,8.17,5.13,32.2,63.8,3
5.68,3.19,7.83,5.11,32.2,65.1,3
5.61,3.14,8.05,4.29,32.2,64.3,3
5.68,3.17,7.95,4.31,32.2,63.3,3
5.76,3.16,7.98,4.29,32.1,62.5,3
5.66,3.16,8.14,4.91,32.2,64.4,3
5.61,3.14,8.53,4.09,32.2,65.7,3
5.66,3.16,8.01,5.09,32.1,65.4,3
5.64,3.14,8.37,5.24,32.1,63.1,3
5.73,3.16,8.2,5.09,32.1,61.8,3
5.73,3.17,8.24,3.99,32.2,62.5,3
5.76,3.19,8.3,5.04,32.2,62.9,3
5.59,3.16,8.24,5.04,32.1,62.9,3
5.73,3.21,8.46,4.78,32.2,64.2,3
5.73,3.21,8.43,4.72,32.1,63.6,3
5.76,3.21,8.87,4.95,32.2,63.7,3
5.78,3.19,8.73,5.02,32.1,63.3,3
5.8,3.19,8.37,4.05,32.1,62.1,3
5.85,3.22,8.63,3.88,32.1,63.3,3
5.85,3.21,8.53,3.97,32.1,62,3
5.88,3.21,8.77,3.86,32.1,61.6,3
5.88,2.38,8.5,4.01,32.1,62.5,3
5.88,3.12,9.15,3.99,32.1,62.1,3
5.8,3.16,8.17,4.03,32.1,64.6,3
5.76,3.16,8.84,4.05,32.1,63.1,3
5.71,3.16,7.89,3.96,32.1,63.5,3
5.59,3.14,7.77,4.01,32.1,65.3,3
5.52,3.14,7.44,4.03,32.1,65.1,3
5.54,3.14,7.38,4.05,32.1,65.6,3
5.42,3.11,7.68,3.97,32.1,65.1,3
5.4,3.11,7.86,3.99,32.1,65.2,3
5.47,3.11,7.8,3.99,32.1,64.2,3
5.47,3.11,8.01,3.96,32.1,62.5,3
5.59,3.12,7.86,3.99,32.1,62.1,3
5.64,3.16,7.74,4.01,32.1,63.6,3
5.54,3.14,8.05,4.05,32.1,63.4,3
5.59,3.16,7.71,3.9,32.1,64.1,3
5.49,3.11,7.71,3.96,32.1,65.3,3
5.54,3.12,7.44,3.9,32,63.9,3
5.42,3.11,7.44,3.94,32.1,64.1,3
5.49,3.11,7.5,4.03,32.1,64.1,3
5.42,3.11,7.41,3.97,32,63.7,3
5.38,3.09,7.53,3.88,32.1,64.8,3
5.47,3.14,7.89,3.86,32,65.8,3
5.42,3.11,7.74,3.92,32.1,64.1,3
5.54,3.14,8.01,3.97,32.1,64.6,3
5.49,3.14,7.83,4.05,32.1,64.8,3
5.47,3.16,8.01,3.92,32,65.3,3
5.52,3.17,7.89,3.94,32,65.1,3
5.54,3.16,7.95,4.03,32,66,3
5.56,3.14,8.33,3.9,32,63.9,3
5.64,3.17,8.24,3.97,32,63.4,3
5.59,3.16,8.08,3.92,32.1,63.2,3
5.61,3.14,7.86,4.03,32,64.1,3
5.54,3.12,7.98,3.99,32,64,3
5.49,3.12,7.21,4.07,32,64.1,3
5.49,3.12,7.15,4.09,32,64,3
5.47,3.14,7.24,4.07,32,64,3
5.42,3.12,7.32,4.03,32,63.5,3
5.49,3.14,7.5,4.01,32,64,3
5.61,3.16,7.89,4.03,32,62,3
5.52,3.11,7.77,4.15,32,63,3
5.61,3.14,7.95,3.96,32,62.6,3
5.68,3.16,7.98,4.03,32,63.5,3
5.66,3.19,8.11,4.01,32,64.1,3
5.71,3.17,7.92,4.01,32,63.4,3
5.68,3.19,7.98,4.13,32,62.1,3
5.71,3.16,7.35,3.96,32,62.2,3
5.68,3.7,7.86,4.07,31.9,61.9,3
5.8,3.19,7.83,4.23,32,61.2,3
5.73,3.16,8.3,4.13,31.9,60.4,3
5.66,3.14,7.92,4.07,31.9,62.2,3
5.64,3.16,7.95,4.21,31.9,62.5,3
5.52,3.11,7.86,4.03,31.9,64.2,3
5.59,3.12,7.92,4.13,31.9,64.9,3
5.49,3.12,7.1,4.05,31.9,64.9,3
5.45,3.09,7.65,4.03,31.9,66,3
5.45,3.11,7.18,3.97,31.9,64,3
5.47,3.12,7.32,4.05,31.9,65.9,3
5.52,3.12,7.35,4.03,31.9,63.7,3
5.54,3.14,7.74,4.09,31.9,64.5,3
5.47,3.24,7.56,4.13,31.9,64,3
5.59,3.14,7.92,4.05,31.8,63.3,3
5.66,3.14,7.56,4.09,31.9,63.4,3
5.61,3.14,7.68,3.99,31.9,63.5,3
5.68,3.14,7.98,3.99,31.9,62.2,3
5.71,3.16,7.65,3.81,31.9,61.8,3
5.64,3.16,7.44,3.79,31.9,62.8,3
5.59,3.14,7.83,3.9,31.9,63.7,3
5.64,3.12,7.92,3.86,31.8,61.7,3
5.64,3.12,7.77,3.9,31.9,62.6,3
5.61,3.12,7.65,3.9,31.8,64.3,3
5.56,3.12,7.13,3.84,31.9,63.9,3
5.64,3.14,7.32,3.86,31.8,63.5,3
5.61,3.14,7.1,3.86,31.8,61.8,3
5.66,3.16,6.96,3.92,31.8,62.3,3
5.76,3.19,7.65,3.9,31.8,61.4,3
5.8,3.17,7.74,3.84,31.8,62.1,3
5.71,3.19,6.93,3.9,31.8,62.8,3
5.64,3.33,7.15,3.88,31.8,63.7,3
5.61,3.17,7.21,3.73,31.8,64.8,3
5.59,3.19,7.29,3.96,31.8,64.1,3
5.59,3.17,7.56,3.94,31.8,64.3,3
5.64,3.17,7.56,3.92,31.8,63.8,3
5.66,3.19,7.68,3.96,31.8,62.9,3
5.66,3.19,7.65,3.94,31.7,62.9,3
5.64,3.19,7.15,3.92,31.8,63.1,3
5.59,3.17,7.53,3.96,31.8,64.5,3
5.64,3.17,7.65,4.05,31.8,63,3
5.64,3.09,7.71,4.03,31.7,63.2,3
5.59,3.11,7.24,3.99,31.8,65.4,3
5.52,3.07,7.15,3.96,31.7,66.5,3
5.49,3.09,6.72,4.01,31.8,65.5,3
5.49,3.02,7.18,3.99,31.7,65.4,3
5.59,3.01,7.32,4.07,31.8,64.3,3
5.56,3.02,7.62,4.03,31.7,63.3,3
5.59,3.06,7.47,3.92,31.7,62.7,3
5.64,3.02,7.74,3.94,31.8,64.7,3
5.66,3.06,7.77,3.96,31.7,64.2,3
5.68,3.06,7.44,3.92,31.7,64.5,3
5.64,3.02,7.38,3.96,31.7,63.7,3
5.71,3.01,7.77,3.92,31.7,64.3,3
5.78,3.16,7.86,4.01,31.7,60.8,3
5.85,3.19,7.71,3.96,31.7,61.3,3
5.76,3.02,7.29,3.94,31.7,61.6,3
5.85,3.07,7.74,4.01,31.7,62.7,3
5.83,3.11,7.83,3.86,31.7,61,3
5.88,3.07,7.98,3.96,31.7,61,3
5.88,3.04,7.95,4.03,31.6,62.4,3
6,3.01,7.35,3.97,31.7,61.3,3
5.93,3.04,8.01,3.92,31.7,61.4,3
5.95,3.09,7.77,3.97,31.6,60.9,3
5.95,3.06,7.59,3.97,31.7,62.5,3
5.95,3.06,7.71,3.99,31.6,61.1,3
5.83,3.04,6.9,3.94,31.6,62,3
5.8,3.01,7.53,4.03,31.6,62.4,3
5.85,3.02,7.95,4.05,31.6,63.1,3
5.95,3.02,8.53,3.99,31.6,61,3
5.95,3.02,7.21,3.88,31.6,59.9,3
5.88,2.99,7.74,3.99,31.6,61.7,3
5.85,3.02,7.89,3.9,31.6,62.6,3
5.95,3.02,7.77,3.96,31.6,62.1,3
5.95,3.06,7.68,3.92,31.6,62,3
5.85,3.01,7.15,3.97,31.6,62.4,3
5.78,3.01,7.35,3.97,31.5,62.7,3
5.83,2.99,7.68,3.96,31.6,63.1,3
5.8,2.97,7.47,3.96,31.6,62.2,3
5.83,3.06,7.38,3.88,31.6,63.1,3
5.76,3.09,7.18,3.97,31.5,62.6,3
5.76,3.09,7.29,3.84,31.6,63.1,3
5.71,3.07,7.35,3.88,31.6,63.1,3
5.71,3.04,7.04,3.92,31.5,63.4,3
5.66,3.04,7.24,3.9,31.5,62.1,3
5.66,2.99,6.93,3.86,31.5,62.7,3
5.64,3.02,7.44,3.9,31.5,64.3,3
5.64,2.99,7.24,3.82,31.5,63.8,3
5.66,2.94,6.88,3.79,31.5,62,3
5.54,2.94,6.93,3.84,31.5,62.6,3
5.47,2.97,7.04,3.84,31.5,65.3,3
5.54,2.96,7.95,3.86,31.5,65.1,3
5.64,2.94,7.38,3.81,31.5,61.6,3
5.66,2.96,7.24,3.79,31.5,61.8,3
5.54,2.91,7.07,3.81,31.5,62.5,3
5.38,2.91,6.8,3.75,31.5,65.8,3
5.31,2.89,6.51,3.82,31.5,66.1,3
5.33,2.88,6.82,3.92,31.5,65.3,3
5.45,3.01,7.18,3.9,31.5,63.7,3
5.54,2.92,7.62,3.94,31.5,61,3
5.54,2.96,7.04,3.94,31.5,60,3
5.66,3.01,7.01,3.86,31.5,62.4,3
5.64,2.99,7.1,3.94,31.5,61.8,3
5.66,3.02,6.77,3.92,31.4,61,3
5.52,2.99,6.61,3.9,31.4,62.9,3
5.56,3.06,6.96,3.94,31.4,64.9,3
5.56,3.01,7.07,4.01,31.4,62.9,3
5.61,3.01,7.04,3.97,31.4,62.1,3
5.56,3.04,7.1,3.96,31.4,62.1,3
5.45,3.02,7.15,4.05,31.4,64.1,3
5.49,3.02,6.85,3.99,31.4,66.3,3
5.49,3.01,6.88,4.09,31.4,62.9,3
5.4,2.96,6.74,3.99,31.4,62.9,3
5.4,3.01,7.07,3.94,31.4,63.3,3
5.45,3.01,6.64,3.96,31.4,62.9,3
5.49,2.99,7.83,4.01,31.4,61.9,3
5.56,3.01,7.21,4.01,31.4,60.7,3
5.64,3.01,6.96,3.99,31.4,61.1,3
5.56,2.16,6.64,3.99,31.4,61.8,3
5.52,2.99,6.88,4.01,31.4,63.5,3
5.66,3.04,7.5,3.99,31.4,64,3
5.73,3.02,7.59,4.01,31.4,61.1,3
5.68,3.04,7.44,3.88,31.3,62.5,3
5.78,3.06,7.41,3.84,31.4,62.5,3
5.78,3.06,7.18,3.92,31.3,62.3,3
5.68,3.02,6.53,3.92,31.4,62,3
5.61,3.02,6.69,3.97,31.4,62.1,3
5.68,3.04,7.01,3.88,31.3,60.5,3
5.64,3.14,7.29,3.86,31.4,60.7,3
5.61,3.01,7.35,3.82,31.4,62.3,3
5.61,3.04,7.1,3.84,31.4,61.5,3
5.47,2.99,6.85,3.79,31.4,63,3
5.45,3.01,6.82,3.88,31.4,65,3
5.52,3.01,7.53,3.75,31.3,64.8,3
5.59,3.06,7.35,3.84,31.3,61.6,3
5.56,3.06,7.35,3.82,31.3,62.6,3
5.56,2.97,7.24,3.82,31.3,64.4,3
5.59,2.97,7.01,3.84,31.3,62.6,3
5.64,2.99,6.8,3.86,31.3,62.8,3
5.61,2.99,6.77,3.9,31.3,62.6,3
5.56,2.96,6.9,3.84,31.3,61.6,3
5.56,2.96,7.35,3.86,31.3,62.2,3
5.52,2.96,6.74,3.94,31.3,60.8,3
5.45,2.97,6.46,3.92,31.3,63.2,3
5.45,3.04,6.77,3.92,31.3,64.1,3
5.42,3.01,6.88,3.86,31.3,64.3,3
5.42,2.96,6.53,3.96,31.3,61.7,3
5.4,2.99,6.53,3.92,31.3,63.5,3
5.28,3.01,6.9,4.01,31.3,65.2,3
5.15,2.97,6.53,3.94,31.3,65.6,3
5.13,3.01,6.99,3.97,31.3,68.3,3
5.13,2.97,6.28,4.05,31.3,68.1,3
5.17,2.99,6.77,4.05,31.3,67.8,3
5.15,2.94,6.85,4.05,31.3,65.5,3
5.1,2.89,6.72,3.94,31.3,67.8,3
5.02,2.96,6.64,3.82,31.3,67.1,3
4.97,2.96,6.4,3.82,31.3,67.8,3
4.95,2.97,6.58,3.75,31.3,67.9,3
4.97,2.97,6.43,3.86,31.3,68.1,3
4.82,2.94,6.15,3.84,31.3,68.2,3
4.84,2.92,6.56,3.79,31.3,68.5,3
4.95,2.91,6.72,3.82,31.3,65.3,3
5.1,2.94,7.47,3.81,31.3,65.2,3
5.22,2.94,7.62,3.77,31.3,62.4,3
5.38,2.94,7.18,3.84,31.3,62.9,3
5.49,2.94,7.5,3.86,31.3,61.8,3
5.52,2.99,7.62,3.81,31.3,62.6,3
5.52,2.99,7.32,3.88,31.3,61.8,3
5.47,3.01,7.13,3.9,31.2,61.7,3
5.31,2.99,6.88,3.94,31.2,64.9,3
5.19,2.97,6.43,3.94,31.3,67.5,3
5.15,2.97,6.99,3.9,31.3,67.5,3
5.19,3.01,6.72,3.92,31.3,67.5,3
5.15,2.97,6.82,3.94,31.3,67.1,3
5.13,2.92,7.07,3.92,31.3,67.7,3
4.95,2.89,7.01,3.96,31.3,70.1,3
5.04,2.92,6.8,3.86,31.3,72.7,3
4.99,2.84,6.69,3.94,31.3,70.5,3
4.97,2.89,6.96,3.97,31.3,69.6,3
5.02,2.83,6.72,3.99,31.3,70.8,3
5.04,2.84,6.56,3.96,31.3,69.6,3
5.08,2.83,6.66,4.05,31.3,68.5,3
5.06,2.83,6.51,4.05,31.3,68.3,3
5.02,2.86,6.77,4.07,31.3,68.1,3
5.02,3.02,7.44,4.07,31.3,70.8,3
5.02,2.94,6.77,4.03,31.3,72,3
4.97,2.94,6.46,4.01,31.3,71.7,3
5.04,2.96,6.03,4.07,31.3,69.3,3
5.02,2.92,6.35,4.05,31.3,68.8,3
4.88,2.88,7.1,4.07,31.3,68.6,3
4.88,2.94,5.96,4.09,31.3,69.5,3
4.97,2.92,6.35,4.03,31.3,70.6,3
4.95,2.91,6.18,4.11,31.3,66.6,3
5.06,2.89,6.58,4.07,31.3,68.3,3
5.13,2.92,5.84,3.99,31.3,65.1,3
4.99,2.89,5.91,4.03,31.2,66.9,3
4.99,2.92,6.03,3.96,31.3,69.2,3
4.91,2.91,7.01,3.92,31.2,70,3
4.82,2.92,7.71,3.9,31.3,71.5,3
4.84,2.94,6.43,4.01,31.2,74.2,3
4.91,2.92,6.25,4.03,31.3,71.5,3
4.88,2.94,5.8,3.94,31.3,67,3
4.97,2.91,6.51,4.09,31.3,69,3
4.99,2.92,7.07,4.11,31.3,64.8,3
4.97,2.92,6.72,4.19,31.2,66.9,3
5.06,2.8,6.53,4.13,31.2,68.1,3
5.02,2.92,6.66,4.03,31.2,65.8,3
5.08,2.94,6.38,4.07,31.2,68.9,3
5.17,2.96,6.08,4.19,31.2,66.1,3
5.13,2.92,6.25,4.13,31.2,65.5,3
5.15,2.91,6.25,4.11,31.2,65.4,3
5.19,2.94,6.15,4.07,31.2,67,3
5.26,2.96,6.4,4.11,31.2,67.3,3
5.24,2.94,6.3,4.15,31.2,66.4,3
5.28,2.96,6.13,4.19,31.2,65,3
5.22,2.94,6.35,4.23,31.2,66.2,3
5.24,2.92,6.3,4.19,31.2,66.3,3
5.08,2.96,6.93,4.13,31.2,66.7,3
4.99,2.91,6.46,4.07,31.2,70.7,3
4.97,3.02,6.23,4.07,31.2,71.7,3
5.06,3.06,6.2,4.13,31.2,69.7,3
5.06,3.04,5.89,4.15,31.2,67.7,3
5.1,3.04,6.43,4.25,31.2,67.4,3
5.26,3.06,6.53,4.19,31.2,65.9,3
5.24,3.06,6.64,5.06,31.2,64.1,3
5.22,3.04,6.2,5.59,31.2,67.2,3
5.15,3.07,5.8,5.4,31.2,68.3,3
5.15,3.06,5.75,5.76,31.2,69.2,3
5.06,3.04,5.77,5.76,31.2,68.8,3
5.06,3.04,5.91,5.95,31.2,68.6,3
5.02,3.06,6.82,5.88,31.2,68.8,3
4.86,3.21,6.06,5.95,31.1,69,3
5.13,3.06,5.68,6.05,31.2,68.2,3
5.19,3.06,5.91,6.05,31.2,66.9,3
5.24,3.06,5.48,6.26,31.2,66.9,3
5.26,3.04,5.48,6.16,31.1,67.1,3
5.28,3.04,5.8,6.26,31.1,65,3
5.38,3.07,5.61,6.23,31.1,64,3
5.35,3.04,5.5,6.18,31.1,65.5,3
5.28,3.04,5.59,6.39,31.2,65.3,3
5.26,3.07,5,6.26,31.1,66.5,3
5.26,3.01,5.43,6.31,31.1,66.1,3
5.26,3.01,5.02,6.34,31.1,67.2,3
5.22,2.94,5.21,6.39,31.1,67,3
5.19,2.97,5.02,6.39,31.1,66.8,3
5.35,3.09,6.01,6.34,31.1,66.1,3
5.31,3.09,5.19,6.28,31.1,62.9,3
5.42,2.97,5.36,6.28,31.1,64.8,3
5.47,2.99,5.52,6.28,31.1,63.9,3
5.54,2.99,5.48,6.31,31.1,64.1,3
5.47,2.97,4.86,6.39,31.1,64.3,3
5.52,2.97,4.9,6.41,31.1,64.2,3
5.47,2.97,4.8,6.41,31.1,63.9,3
5.4,2.97,4.92,6.41,31.1,65.4,3
5.33,2.99,5.06,6.26,31.1,64.9,3
5.35,3.01,4.88,6.49,31.1,65.9,3
5.33,2.97,5.09,6.49,31.1,66.5,3
5.38,2.99,4.62,6.52,31.1,65,3
5.47,2.99,5.04,6.6,31.1,64.1,3
5.4,2.99,4.92,6.49,31.1,63.2,3
5.38,3.01,4.94,6.68,31.1,65.4,3
5.38,3.01,4.96,6.65,31.1,66.8,3
5.45,3.01,5.17,6.82,31.1,63.9,3
5.42,2.97,4.7,6.76,31.1,64,3
5.28,2.94,4.48,6.74,31.1,64.7,3
5.28,2.96,4.16,6.71,31.1,66.1,3
5.22,2.94,4.35,6.71,31,65.2,3
5.28,2.99,4.07,6.74,31.1,66.5,3
5.26,2.96,4.02,6.63,31.1,65.4,3
5.33,2.96,4.16,6.63,31.1,64.3,3
5.38,2.94,3.95,6.36,31.1,63.9,3
5.33,2.96,3.67,6.44,31.1,63.7,3
5.22,2.96,3.84,6.36,31,65,3
5.24,2.97,3.91,6.44,31.1,66,3
5.24,3.01,4.04,6.41,31.1,64.7,3
5.31,3.01,4.09,6.41,31,65.3,3
5.4,3.02,3.98,6.47,31.1,64.5,3
5.45,3.04,3.76,6.57,31.1,64.9,3
5.28,2.97,3.64,6.39,31.1,64.9,3
5.26,2.97,3.24,6.39,31,66.5,3
5.28,2.96,3.3,6.39,31,66.3,3
5.35,2.96,3.49,6.57,31,63.8,3
5.28,2.94,3.48,6.44,31,63.5,3
5.26,2.96,3.36,6.6,31,64.7,3
5.26,2.96,3.39,6.41,31,66.1,3
5.28,2.96,3.25,6.41,31.1,65.7,3
5.19,2.91,3.16,6.44,31.1,64.7,3
5.15,2.91,2.99,6.39,31,65.5,3
5.08,2.94,2.98,6.65,31.1,66.1,3
5.13,2.96,2.93,6.6,31.1,67.3,3
5.1,2.91,2.69,6.6,31.1,67,3
5.1,2.89,2.77,6.41,31.1,65.3,3
5.24,2.94,2.7,6.52,31.1,66,3
5.35,2.96,2.8,6.44,31.1,63.3,3
5.45,2.99,2.84,6.6,31.1,63.1,3
5.33,2.97,2.83,6.55,31.1,63.9,3
5.35,2.99,2.84,6.55,31.1,64.9,3
5.26,2.97,2.8,6.49,31.1,64.7,3
5.26,2.97,2.69,6.57,31.1,65.5,3
5.76,2.99,2.63,6.52,31.1,65.8,3
5.26,2.99,2.62,6.47,31.1,65.3,3
5.28,2.99,2.64,6.47,31.1,66,3
5.22,2.99,2.55,6.55,31.1,65.6,3
5.19,2.99,2.46,6.6,31.1,66.5,3
5.15,3.12,2.4,6.55,31.1,67.7,3
5.24,2.99,2.4,6.6,31.1,66.5,3
5.19,2.99,2.4,6.57,31.1,66.2,3
5.22,2.99,2.24,6.6,31.1,67,3
5.17,3.01,2.34,6.52,31.1,65.8,3
5.19,2.99,2.4,6.57,31.1,65.9,3
5.24,2.97,2.34,6.52,31.1,65,3
5.31,2.97,2.4,6.52,31.1,64.5,3
5.33,1.99,2.29,6.52,31.1,63.6,3
5.31,2.83,2.32,6.52,31.2,65,3
5.4,2.84,2.25,6.49,31.1,65,3
5.42,2.88,2.2,6.47,31.1,63.2,3
5.31,2.89,2.23,6.47,31.1,63.9,3
5.22,2.89,2.01,6.47,31.2,66,3
5.19,2.88,2.05,6.49,31.1,66.4,3
5.19,2.91,2.09,6.49,31.1,66,3
5.15,2.91,1.96,6.49,31.2,66.9,3
5.06,2.91,1.99,6.47,31.2,67.2,3
4.95,2.88,1.99,6.39,31.2,68.1,3
4.97,2.91,1.9,6.47,31.2,69.1,3
4.91,2.89,1.83,6.47,31.2,68.8,3
4.93,2.91,1.7,6.49,31.2,68.2,3
4.84,2.88,1.81,6.44,31.2,69.2,3
4.86,2.76,1.67,6.41,31.2,69.1,3
4.91,2.84,1.67,6.49,31.2,69.5,3
4.84,2.84,1.64,6.47,31.2,69.3,3
4.8,2.88,1.64,6.47,31.2,69.1,3
4.78,2.84,1.64,6.47,31.3,70.2,3
4.82,2.86,1.62,6.52,31.2,69.5,3
4.84,2.88,1.59,6.52,31.2,69.6,3
4.8,2.86,1.59,6.44,31.3,69.3,3
4.88,2.86,1.58,6.55,31.3,69.3,3
4.95,2.88,1.62,6.6,31.3,66,3
4.99,2.89,1.63,6.57,31.3,65.8,3
5.04,2.88,1.59,6.49,31.3,67.3,3
4.91,2.86,1.57,6.52,31.3,67,3
4.91,2.86,1.58,6.57,31.3,68.2,3
4.88,2.86,1.52,6.57,31.3,68.1,3
4.86,2.88,1.54,6.6,31.3,67.5,3
4.91,2.91,1.54,6.85,31.3,68.5,3
4.88,2.88,1.5,6.6,31.3,69.3,3
4.97,2.89,1.52,6.6,31.3,69,3
4.86,2.81,1.46,6.6,31.3,68.6,3
4.93,2.83,1.43,6.57,31.3,69,3
4.99,2.84,1.49,6.57,31.3,67.4,3
5.04,2.83,1.47,6.6,31.3,65.8,3
5.08,2.94,1.51,6.57,31.3,67.3,3
5.04,2.86,1.45,6.57,31.3,67.2,3
5.15,3.04,1.43,6.57,31.3,66.5,3
5.15,2.86,1.41,6.57,31.4,65.5,3
5.1,2.84,1.43,6.52,31.4,66.6,3
5.1,2.86,1.39,6.55,31.4,66.5,3
5.13,2.84,1.39,6.49,31.3,66.7,3
5.08,2.84,1.42,6.52,31.4,67,3
5.06,2.84,1.4,6.55,31.3,66.8,3
4.97,2.83,1.36,6.52,31.4,67.5,3
4.99,2.81,1.36,6.57,31.4,68.9,3
4.97,2.84,1.32,6.57,31.4,68.5,3
4.97,2.83,1.34,6.52,31.4,68,3
4.97,2.81,1.34,6.6,31.4,67.4,3
5.08,2.83,1.34,6.57,31.4,67.6,3
5.04,2.81,1.35,6.57,31.4,66.7,3
5.04,2.81,1.35,6.55,31.4,66.7,3
5.02,2.84,1.32,6.6,31.4,66.3,3
5.02,2.83,1.35,6.55,31.4,68.3,3
5.02,2.83,1.3,6.55,31.4,67.7,3
5.02,2.84,1.27,6.55,31.4,66.8,3
4.86,2.84,1.29,6.6,31.4,69.4,3
4.84,2.84,1.31,6.63,31.4,70.9,3
4.82,2.84,1.29,6.63,31.5,70.9,3
4.75,2.83,1.29,6.63,31.5,70.6,3
4.67,2.83,1.24,6.65,31.5,71.8,3
4.65,2.8,1.23,6.68,31.5,72.2,3
4.63,2.8,1.2,6.65,31.5,72.1,3
4.57,2.76,1.2,6.65,31.5,72,3
4.54,2.78,1.19,6.57,31.6,72,3
4.54,2.76,1.15,6.6,31.6,72.9,3
4.71,2.78,1.15,7.24,31.5,72.1,3
4.46,2.78,1.15,6.65,31.5,71.7,3
4.48,2.8,1.17,6.63,31.6,73.2,3
4.44,2.78,1.14,6.6,31.6,74.2,3
4.44,2.8,1.14,6.68,31.6,75,3
4.36,2.75,1.17,6.68,31.6,75.9,3
4.4,2.8,1.14,6.68,31.6,76.6,3
4.3,2.75,1.14,6.6,31.7,77.3,3
4.3,2.76,1.13,6.6,31.6,78.3,3
4.3,2.73,1.11,6.68,31.7,78.4,3
4.38,2.8,1.1,6.68,31.7,78.3,3
4.3,2.78,1.07,6.87,31.7,78,3
4.4,2.8,1.1,6.74,31.7,78.7,3
4.32,2.76,1.09,6.65,31.7,79.5,3
4.3,2.81,1.1,6.71,31.7,80,3
4.3,2.81,1.08,6.74,31.7,80.7,3
4.28,2.78,1.09,6.68,31.7,80.8,3
4.34,2.81,1.08,6.68,31.8,81,3
4.3,2.8,1.06,6.63,31.7,81,3
4.3,2.81,1.06,6.65,31.8,81.6,3
4.3,2.78,1.05,6.6,31.8,81.6,3
4.32,2.8,1.04,6.68,31.8,81.7,3
4.32,2.8,1.03,6.87,31.8,81.8,3
4.32,2.78,1.05,6.65,31.8,81.7,3
4.36,2.8,1.04,6.57,31.8,81.8,3
4.4,2.78,1.02,6.6,31.8,81.5,3
4.46,2.8,1.02,6.6,31.8,79.7,3
4.46,2.81,1.02,6.68,31.8,80,3
4.5,2.81,1.02,6.65,31.8,79.6,3
4.44,2.78,0.99,6.65,31.8,80,3
4.46,2.8,1.01,6.63,31.8,78.9,3
4.38,2.76,1.01,6.65,31.8,79.1,3
4.38,2.76,0.99,6.68,31.9,79.4,3
4.38,2.76,1.01,6.93,31.8,79.7,3
4.42,2.76,1,6.74,31.8,80,3
4.4,2.78,0.97,6.71,31.8,80.1,3
4.36,3.24,0.99,6.71,31.8,80.2,4
4.36,2.75,0.97,6.79,31.8,80.5,4
4.4,2.8,0.96,6.71,31.9,80.6,4
4.4,2.78,0.97,6.76,31.8,80.3,4
4.44,2.8,0.97,6.74,31.8,79.6,4
4.46,2.81,0.97,6.74,31.9,80,4
4.48,2.81,0.99,6.71,31.9,80.2,4
4.48,2.81,0.98,6.74,31.9,80.3,4
4.42,2.8,1,6.74,31.9,80.1,4
4.42,2.81,0.99,6.74,31.9,80.5,4
4.5,2.83,0.98,6.65,31.9,80.5,4
4.5,2.83,0.97,6.68,31.9,80.3,4
4.48,2.83,0.98,6.74,31.9,80.4,4
4.52,2.83,0.98,6.68,31.9,80.6,4
4.48,2.8,1.01,6.74,31.9,80.5,4
4.5,2.81,0.97,6.71,31.9,80.2,4
4.52,2.83,0.98,6.71,31.9,80.2,4
4.52,2.83,0.98,6.71,32,79.9,4
4.54,2.84,0.96,6.65,31.9,80.1,4
4.5,2.81,0.97,6.63,32,80.3,4
4.59,2.84,0.98,6.71,32,79.4,4
4.52,2.83,0.96,6.68,32,79.1,4
4.46,2.78,0.97,6.65,32,79.5,4
4.48,2.83,0.96,6.76,32,79.9,4
4.52,2.81,0.97,6.68,32,80.3,4
4.52,2.84,0.95,6.76,32,80.2,4
4.5,2.84,0.95,6.71,32,80.4,4
4.44,2.83,0.97,6.71,32,80.5,4
4.44,2.83,0.97,6.76,32,80.4,4
4.44,2.84,0.95,6.76,32,80.4,4
4.42,2.8,0.97,6.71,32,80.2,4
4.5,2.81,0.95,6.76,32,79.1,4
4.5,2.84,0.95,6.79,32,79,4
4.57,2.81,0.95,6.79,32,79.3,4
4.5,2.78,0.95,6.76,32,78.4,4
4.63,2.8,0.94,6.71,32,77.3,4
4.57,2.8,0.97,6.79,32,76.9,4
4.59,2.78,0.96,6.76,32,77.5,4
4.57,2.8,0.95,6.65,32,78,4
4.59,2.8,0.97,6.74,32,77.7,4
4.57,2.83,0.96,6.65,32,78.2,4
4.63,2.83,0.97,6.65,32,78.6,4
4.67,2.86,0.97,6.68,32,78.6,4
4.67,2.84,0.95,6.71,32,77.3,4
4.67,2.83,0.97,6.68,32,75.6,4
4.67,2.76,0.97,6.74,32,75.4,4
4.69,2.8,0.95,6.74,32,74.9,4
4.78,2.8,0.95,6.68,32,73.4,4
4.69,2.78,0.94,6.71,32,74.5,4
4.59,2.76,0.97,6.65,32,76.2,4
4.5,2.78,0.94,6.71,32,76.9,4
4.59,2.78,0.86,6.68,32,76.8,4
4.61,2.8,0.94,6.63,32,75.4,4
4.61,2.8,0.98,6.63,32,76,4
4.63,2.81,0.95,6.68,32.1,76.8,4
4.65,2.81,0.94,6.63,32,76.4,4
4.63,2.81,0.95,6.6,32.1,77.3,4
4.63,2.81,0.95,6.63,32,77.7,4
4.61,2.81,0.95,6.9,32.1,78.3,4
4.54,2.78,0.94,6.6,32.1,78.5,4
4.52,2.76,0.96,6.6,32.1,78.6,4
4.52,2.78,0.93,6.63,32.1,78.8,4
4.48,2.78,0.94,6.63,32.1,78.6,4
4.5,2.8,0.96,6.63,32.1,79.2,4
4.48,2.81,0.93,6.71,32.1,79.2,4
4.5,2.81,0.96,6.65,32.1,78.8,4
4.46,2.78,0.94,6.71,32.1,78.6,4
4.59,2.83,0.94,6.68,32.1,78.7,4
4.59,2.83,0.96,6.71,32.1,79.2,4
4.52,2.78,0.95,6.79,32.1,79.2,4
4.52,2.8,0.95,6.79,32.1,78.1,4
4.48,2.78,0.96,6.79,32.1,78.7,4
4.52,2.78,0.95,6.82,32.1,79,4
4.57,2.8,0.92,6.87,32.1,77.9,4
4.52,2.78,0.96,6.85,32.1,77.6,4
4.57,2.81,0.95,6.71,32.1,78.3,4
4.59,2.83,0.96,6.79,32.1,78.2,4
4.59,2.86,0.96,6.87,32.1,78.6,4
4.54,2.83,0.98,6.96,32.1,78.9,4
4.59,2.86,0.95,6.93,32.1,79.2,4
4.52,2.83,0.97,6.87,32.1,79.3,4
4.54,2.83,0.97,6.93,32.1,79.5,4
4.59,2.86,0.96,6.85,32.1,79.5,4
4.54,2.84,0.96,6.79,32.2,79.8,4
4.54,2.84,0.95,6.85,32.2,79.4,4
4.52,2.83,0.97,6.76,32.2,79.4,4
4.57,2.84,0.95,6.74,32.2,79.4,4
4.5,2.84,0.95,6.74,32.2,79.5,4
4.46,2.81,0.95,6.79,32.1,79.6,4
4.46,2.81,0.97,6.79,32.2,79.7,4
4.5,2.81,0.96,6.82,32.2,79.4,4
4.46,2.81,0.94,6.74,32.2,78.9,4
4.5,2.81,0.94,7.07,32.2,79.2,4
4.46,2.8,0.96,6.79,32.2,79.5,4
4.48,2.83,0.96,6.79,32.2,79.6,4
4.46,2.81,0.96,6.85,32.2,79.7,4
4.38,2.8,0.93,6.85,32.2,79.6,4
4.44,2.81,0.94,6.93,32.2,79.7,4
4.5,2.81,0.96,6.99,32.2,79.5,4
4.46,2.78,0.96,6.96,32.2,79.4,4
4.5,2.78,0.92,6.99,32.2,79.5,4
4.57,2.81,0.95,6.9,32.2,79.4,4
4.63,2.83,0.96,6.9,32.2,79.5,4
4.67,2.81,0.94,6.74,32.2,79.4,4
4.67,2.83,0.95,6.76,32.2,79.4,4
4.67,2.84,0.95,6.79,32.2,79.2,4
4.65,2.83,0.97,6.71,32.2,79.3,4
4.61,2.97,0.96,6.74,32.2,78.8,4
4.67,2.83,0.95,6.79,32.2,79,4
4.69,2.83,0.96,6.82,32.2,79.4,4
4.65,2.81,0.97,6.82,32.2,79.5,4
4.67,2.81,0.95,6.82,32.2,79.5,4
4.65,2.94,0.97,6.82,32.2,79.5,4
4.59,2.83,0.96,6.79,32.2,79.5,4
4.59,2.83,0.94,6.74,32.2,79.6,4
4.5,2.81,0.96,6.85,32.2,79.5,4
4.48,2.8,0.94,6.9,32.2,79.7,4
4.57,3.04,0.95,6.87,32.3,79.9,4
4.54,2.84,0.98,6.82,32.3,79.9,4
4.52,2.81,0.94,6.82,32.2,79.9,4
4.57,2.83,0.95,6.93,32.3,80,4
4.54,2.81,0.95,6.93,32.3,80.1,4
4.59,2.84,0.97,6.9,32.3,80.1,4
4.52,2.81,0.97,6.87,32.3,80.1,4
4.57,2.81,0.94,6.96,32.3,80,4
4.5,2.81,0.94,6.96,32.3,80.1,4
4.46,2.78,0.96,6.9,32.3,80.1,4
4.54,2.8,0.94,6.9,32.3,79.8,4
4.48,2.78,0.97,6.9,32.3,79.5,4
4.52,2.78,0.95,6.87,32.3,79.1,4
4.52,2.8,0.96,6.82,32.3,79.5,4
4.52,2.8,0.94,6.76,32.3,79.7,4
4.34,2.91,0.95,6.79,32.3,79.6,4
4.46,2.76,0.95,6.82,32.3,79.6,4
4.52,2.76,0.95,6.65,32.3,79.5,4
4.57,2.76,0.97,6.74,32.3,79.5,4
4.57,2.78,0.96,6.76,32.3,79.6,4
4.54,2.76,0.96,6.68,32.3,79.8,4
4.57,2.76,0.94,6.71,32.3,79.3,4
4.54,2.75,0.96,6.71,32.3,79.6,4
4.61,2.8,0.95,6.68,32.3,79.9,4
4.61,2.8,0.98,6.65,32.3,79.8,4
4.69,2.81,0.99,6.71,32.3,79.6,4
4.67,2.81,0.95,6.65,32.3,78.9,4
4.65,2.78,0.97,6.63,32.3,79,4
4.67,2.81,0.98,6.63,32.3,79.2,4
4.71,2.84,0.96,6.63,32.3,79.5,4
4.69,2.91,0.97,6.6,32.3,79.5,4
4.59,2.81,0.97,6.71,32.3,79.6,4
4.61,2.84,0.97,6.74,32.3,79.5,4
4.61,2.83,0.97,6.71,32.4,79.7,4
4.61,2.81,0.98,6.76,32.3,79.1,4
5.06,2.83,0.97,6.63,32.3,79,4
4.65,2.81,0.98,6.74,32.3,79.1,4
4.67,2.86,0.96,6.68,32.4,79.1,4
4.63,2.83,0.95,6.63,32.3,79.4,4
4.69,2.83,1,6.65,32.3,79.5,4
4.65,2.83,0.98,6.68,32.3,79.5,4
4.71,2.84,0.96,6.76,32.3,79.6,4
4.63,2.83,0.97,6.87,32.3,79.6,4
4.63,2.81,0.95,6.87,32.3,79.8,4
4.67,2.84,0.96,6.76,32.3,79.8,4
4.63,2.83,0.94,6.76,32.3,79.7,4
4.63,2.84,0.95,6.71,32.3,79.8,4
4.59,2.84,0.97,6.74,32.3,79.7,4
4.63,2.83,0.97,6.63,32.4,79.8,4
4.63,2.76,0.98,6.68,32.3,79.7,4
4.61,2.76,0.97,6.71,32.4,79.8,4
4.63,2.78,0.97,6.71,32.4,79.6,4
4.65,2.78,0.97,7.04,32.3,79.8,4
4.71,2.84,0.95,6.79,32.4,79.8,4
4.67,2.81,0.96,6.82,32.4,79.8,4
4.65,2.8,0.95,6.82,32.4,79.6,4
4.65,2.78,0.98,6.79,32.4,79.5,4
4.67,2.81,0.95,6.85,32.3,79,4
4.63,2.81,0.97,6.82,32.4,79.3,4
4.63,2.78,0.97,6.74,32.4,79.5,4
4.69,2.81,0.95,6.82,32.4,79.6,4
4.67,2.8,0.97,6.79,32.4,79.4,4
4.75,2.81,0.98,6.87,32.4,78.8,4
4.71,2.8,0.97,6.87,32.4,78,4
4.67,2.81,0.96,6.85,32.3,78.5,4
4.63,2.81,0.95,6.9,32.4,78.8,4
4.57,2.8,0.97,6.93,32.4,78.9,4
4.59,2.81,0.95,6.93,32.4,79,4
4.59,2.83,0.98,6.93,32.4,78.9,4
4.61,2.83,0.98,6.93,32.4,78.9,4
4.59,2.84,0.96,6.87,32.4,78.9,4
4.59,2.83,0.98,6.76,32.4,79,4
4.65,2.83,0.98,6.74,32.4,78.8,4
4.61,2.8,0.98,6.79,32.4,78.8,4
4.63,2.83,0.95,6.85,32.4,78.6,4
4.59,2.81,0.96,6.85,32.4,78.6,4
4.63,2.83,0.98,6.87,32.4,78.8,4
4.65,2.83,0.98,6.9,32.4,78.8,4
4.63,2.81,0.98,6.85,32.4,78.6,4
4.67,2.83,0.95,6.87,32.4,78.6,4
4.71,2.83,0.98,6.82,32.4,77.7,4
4.67,2.81,0.95,6.85,32.4,78.1,4
4.69,2.81,0.98,6.74,32.4,77.8,4
4.67,2.83,0.98,6.79,32.4,77.7,4
4.73,2.97,0.96,6.76,32.4,77.7,4
4.67,2.81,0.98,6.74,32.4,78.3,4
4.71,2.84,0.95,6.76,32.4,78.4,4
4.65,2.83,0.97,6.74,32.4,78.1,4
4.63,2.81,0.98,6.82,32.4,78.2,4
4.69,2.83,0.96,6.74,32.4,78.3,4
4.69,2.84,0.96,6.74,32.4,78.1,4
4.69,2.84,0.95,6.74,32.4,78.4,4
4.69,2.84,0.95,6.79,32.4,78.5,4
4.69,2.83,0.97,6.76,32.5,78.4,4
4.69,2.83,0.98,6.74,32.4,78.3,4
4.75,2.83,0.95,6.71,32.4,78.1,4
4.69,2.84,0.95,6.79,32.4,78.3,4
4.69,2.8,0.97,6.76,32.5,78.5,4
4.71,2.83,0.95,6.85,32.4,78.1,4
4.73,2.83,0.97,6.85,32.5,78.2,4
4.8,2.83,0.96,6.79,32.5,78.3,4
4.73,2.81,0.94,6.82,32.5,78.3,4
4.69,2.81,0.96,6.79,32.5,78.4,4
4.63,2.78,0.96,6.71,32.5,78.4,4
4.61,2.78,0.95,6.76,32.4,78.3,4
4.63,2.78,0.95,6.65,32.4,78.4,4
4.65,2.78,0.96,6.71,32.5,78,4
4.63,2.8,0.95,6.85,32.5,78,4
4.61,2.78,0.95,6.9,32.5,78.4,4
4.63,2.8,0.93,6.93,32.5,78.7,4
4.67,2.8,0.95,6.93,32.5,78.7,4
4.67,2.8,0.96,6.9,32.5,78.3,4
4.67,2.81,0.94,6.87,32.5,78.5,4
4.59,2.78,0.95,6.85,32.5,78.5,4
4.63,2.78,0.96,6.9,32.5,78.6,4
4.67,2.8,0.96,6.87,32.5,78.4,4
4.67,2.8,0.96,7.24,32.5,78.3,4
4.78,2.81,0.96,6.85,32.5,78.2,4
4.75,2.81,0.95,6.87,32.5,77.1,4
4.78,2.78,0.96,6.87,32.5,77.4,4
4.86,2.78,0.94,6.87,32.5,74.5,4
4.88,2.78,0.97,6.87,32.5,74,4
4.91,2.81,0.96,6.96,32.5,74.4,4
4.84,2.81,0.95,6.93,32.5,75.4,4
4.82,2.81,0.97,6.93,32.5,75.4,4
4.86,2.84,0.96,6.99,32.5,75.8,4
4.82,2.81,0.98,6.99,32.5,75.2,4
4.86,2.83,0.96,6.96,32.5,75.5,4
4.82,2.83,0.95,6.99,32.5,76,4
4.8,2.84,0.97,6.96,32.6,76.5,4
4.8,2.84,0.95,6.99,32.6,75.3,4
4.84,2.84,0.96,6.99,32.6,76.1,4
4.82,2.84,0.94,6.99,32.6,76.1,4
4.75,2.83,0.97,6.93,32.6,76.7,4
4.78,2.83,0.95,6.99,32.6,76.8,4
4.82,2.83,0.94,7.01,32.6,76.8,4
4.82,2.84,0.94,7.04,32.6,76.9,4
4.82,2.83,0.94,6.99,32.6,76.9,4
4.78,2.83,0.98,7.01,32.6,77,4
4.86,2.83,0.94,7.01,32.6,75,4
4.86,2.83,0.96,6.99,32.6,74.8,4
4.78,2.83,0.94,7.01,32.6,75.4,4
4.78,2.83,0.93,6.96,32.6,75.8,4
4.63,2.78,0.96,6.99,32.6,76.1,4
4.73,2.78,0.97,6.99,32.6,76.3,4
4.78,2.78,0.97,7.07,32.6,73.8,4
4.84,2.8,0.94,6.99,32.6,72.6,4
4.84,2.81,0.94,7.07,32.6,74,4
4.8,2.81,0.96,7.1,32.6,74.8,4
4.82,2.8,0.95,7.07,32.6,75.4,4
4.78,2.81,0.94,7.07,32.6,75.5,4
4.75,2.8,0.96,7.13,32.6,75.5,4
4.75,2.81,0.94,7.16,32.6,75.3,4
4.8,2.81,0.95,7.51,32.6,75,4
4.73,2.81,0.93,7.13,32.6,74.1,4
4.73,2.83,0.94,7.16,32.6,74.6,4
4.73,2.84,0.95,7.1,32.6,75,4
4.71,2.83,0.97,7.16,32.6,75.3,4
4.73,2.83,0.96,7.07,32.6,75.6,4
4.73,2.84,0.93,7.01,32.6,75.9,4
4.71,2.83,0.94,7.07,32.6,75.9,4
4.73,2.81,0.95,7.07,32.6,75.8,4
4.78,2.83,0.96,7.07,32.6,76.1,4
4.8,2.83,0.96,7.04,32.6,76,4
4.82,2.84,0.94,7.01,32.6,76.4,4
4.75,2.83,0.94,7.04,32.6,76.4,4
4.73,2.81,0.92,7.01,32.6,76.1,4
4.67,2.78,0.95,7.01,32.7,76.5,4
4.65,2.78,0.95,7.04,32.6,76.5,4
4.67,2.78,0.97,7.04,32.6,76.6,4
4.65,2.78,0.95,7.1,32.6,76.6,4
4.69,2.8,0.95,7.16,32.6,76.7,4
4.78,2.8,0.95,7.16,32.6,76.7,4
4.78,2.81,0.94,7.22,32.6,76.6,4
4.8,2.83,0.95,7.72,32.7,76.5,4
4.86,2.83,0.95,7.19,32.6,76.4,4
4.88,2.84,0.95,7.19,32.6,73.5,4
4.88,2.83,0.97,7.27,32.6,74.5,4
4.88,2.86,0.96,7.27,32.6,74.4,4
4.82,2.84,0.96,7.19,32.6,75,4
4.95,2.86,0.96,7.16,32.6,75.4,4
4.86,2.83,0.97,7.22,32.7,73.2,4
4.88,2.84,0.97,7.16,32.6,74.3,4
4.82,2.84,0.97,7.19,32.6,74.6,4
4.84,2.86,0.96,7.16,32.7,75.1,4
4.8,2.88,0.95,7.1,32.7,75.4,4
4.8,2.88,0.95,7.13,32.7,75.7,4
4.82,2.84,0.97,7.1,32.7,74,4
4.84,2.86,0.95,7.16,32.7,74.9,4
4.91,2.89,0.96,7.13,32.7,75.4,4
4.86,2.84,0.95,7.13,32.7,74.9,4
4.86,2.84,0.98,7.16,32.7,75,4
4.93,2.88,0.96,7.13,32.7,75.2,4
4.95,2.86,0.96,7.07,32.7,75.4,4
4.88,2.84,0.98,7.07,32.7,75.2,4
4.91,2.86,0.96,7.07,32.6,75,4
4.97,2.88,0.95,7.1,32.7,74.8,4
4.91,2.81,0.97,7.07,32.7,72.7,4
4.84,2.83,0.96,7.16,32.7,74,4
5.02,2.81,0.95,7.1,32.7,74.4,4
5.04,2.81,0.93,7.45,32.7,66.5,4
5.02,2.8,0.95,7.16,32.7,69.5,4
4.97,2.78,0.97,7.13,32.7,69.8,4
4.93,2.81,0.94,7.13,32.7,71.4,4
4.99,2.84,0.98,7.13,32.7,72.3,4
4.84,2.78,0.95,7.16,32.7,72.8,4
4.91,2.81,0.95,7.1,32.7,73,4
4.99,2.83,0.95,7.16,32.7,72.8,4
5.02,2.84,0.96,7.13,32.7,72.3,4
4.95,2.84,0.94,7.19,32.7,72.7,4
5.06,2.83,0.94,7.16,32.7,71.7,4
5.04,2.83,0.96,7.16,32.7,69.7,4
4.97,2.81,0.95,7.19,32.7,70,4
4.97,2.81,0.96,7.1,32.7,70.7,4
4.93,2.81,0.95,7.1,32.8,71.5,4
4.95,2.8,0.95,7.16,32.8,72.2,4
4.95,2.8,0.94,7.13,32.7,72.8,4
4.93,2.84,0.95,7.07,32.8,73.3,4
4.95,2.84,0.96,7.04,32.8,72.9,4
4.86,2.83,0.97,7.04,32.8,73.4,4
4.86,2.83,0.98,7.04,32.8,73.2,4
4.95,2.8,0.98,7.07,32.8,72.7,4
5.19,2.99,0.95,7.16,32.8,67.9,4
5.22,2.83,0.98,7.13,32.8,64.9,4
5.24,2.86,0.97,7.16,32.8,65.9,4
5.13,2.84,0.98,7.19,32.8,67.3,4
5.17,2.88,0.96,7.16,32.8,69.5,4
5.06,2.88,0.95,7.19,32.9,69.8,4
4.95,2.84,0.98,7.13,32.9,70.6,4
4.97,2.86,0.98,7.13,32.9,70.9,4
4.97,2.84,0.98,7.07,32.8,70.5,4
4.97,2.86,0.96,7.04,32.9,71,4
4.97,2.86,0.98,7.07,32.9,71.7,4
4.97,2.84,0.95,7.16,32.9,71.3,4
4.99,2.86,0.96,7.13,32.9,71.9,4
4.95,2.86,0.98,7.16,32.9,71.7,4
4.93,2.84,0.97,7.16,32.9,72.3,4
4.97,2.86,0.95,7.13,32.9,72.1,4
4.93,2.84,0.97,7.13,32.9,72.3,4
4.86,2.86,0.97,7.16,32.9,72.5,4
4.86,2.84,0.98,7.22,32.9,72.8,4
4.88,2.86,0.95,7.24,32.9,73,4
4.8,2.83,0.97,7.24,32.9,73,4
4.78,2.83,0.97,7.22,32.9,73.3,4
4.78,2.83,0.96,7.22,32.9,73.4,4
4.78,2.84,0.96,7.16,32.9,73,4
4.75,2.81,0.95,7.13,32.9,73.2,4
4.71,2.81,0.96,7.1,32.9,72.9,4
4.78,2.84,0.95,7.01,33,73.1,4
4.82,2.83,0.94,7.04,32.9,73,4
4.88,2.83,0.95,7.04,32.9,70,4
4.93,2.81,0.77,7.04,32.9,70.1,4
5.13,2.83,0.95,7.13,32.9,66.7,4
5.19,2.86,0.98,7.1,32.9,64,4
5.15,2.84,0.97,7.01,32.9,67.3,4
5.08,2.83,0.94,7.04,32.9,64.4,4
5.04,2.89,0.94,7.13,32.9,67.6,4
4.97,2.81,0.96,7.01,32.9,68.6,4
4.93,2.83,0.95,7.04,32.9,69.7,4
4.95,2.83,0.96,7.22,32.9,70.1,4
4.84,2.83,0.97,7.07,32.9,70.6,4
4.78,2.83,0.93,7.24,32.9,71,4
4.84,2.84,0.94,7.1,33,71.1,4
4.84,2.83,0.94,7.07,32.9,71.2,4
4.86,2.84,0.97,7.1,33,71.6,4
4.82,2.83,0.96,7.07,32.9,72,4
4.82,2.83,0.95,7.1,33,72.1,4
4.84,2.84,0.97,7.07,33,71.8,4
4.88,2.88,0.95,7.16,33,72.3,4
4.91,2.86,0.96,7.07,32.9,72.2,4
4.93,2.86,0.98,7.13,33,72.2,4
4.88,2.86,0.95,7.1,33,72.4,4
4.95,2.86,0.98,7.04,33,72.5,4
4.86,2.84,0.94,7.13,33,72.8,4
4.88,2.88,0.97,7.07,32.9,72.9,4
4.93,2.88,0.96,7.07,33,72.9,4
4.91,2.88,0.96,7.13,33,72.5,4
4.86,2.86,0.98,7.6,33,73.2,4
4.91,2.88,0.98,7.1,33,73,4
4.93,2.86,0.95,7.07,33,73.2,4
5.02,2.88,0.96,7.1,33,71,4
5.04,2.89,0.95,7.01,33,71.1,4
5.02,2.89,0.95,7.07,33,71.5,4
4.95,2.86,0.98,7.01,33,71,4
5.06,2.86,0.98,7.01,33,72,4
5.64,2.89,0.97,7.1,33,67.7,4
6.23,2.89,1.02,7.01,32.9,54.5,4
6.65,2.91,1.01,6.99,32.9,50.9,4
7.13,2.91,1.04,6.99,32.9,49.8,4
7.45,2.91,1.06,6.99,32.9,47.2,4
7.78,2.94,1.09,6.96,32.9,46.6,4
8.13,2.97,1.12,6.99,32.9,45.6,4
8.33,2.96,1.15,7.01,32.9,45.5,4
8.49,2.97,1.24,6.96,32.9,44.9,4
8.76,3.01,1.34,6.99,32.9,43.9,4
8.94,2.99,1.42,7.01,32.9,43.9,4
9.01,3.01,1.47,6.96,32.9,43.8,4
8.83,2.97,1.39,7.04,32.9,43.9,4
8.52,2.97,1.35,7.01,32.9,45.1,4
8.13,2.96,1.28,6.99,32.9,45.8,4
8.29,2.97,1.34,6.96,32.9,46.7,4
8.1,3.01,1.25,6.99,32.9,44.7,4
7.81,2.99,1.24,7.07,32.9,46.3,4
7.81,2.96,1.35,6.99,32.9,47.5,4
8.16,2.96,1.36,7.07,32.9,44.6,4
8.39,2.97,1.41,6.99,32.9,43.9,4
8.63,2.96,1.42,6.96,32.9,43.5,4
8.73,2.97,1.45,7.01,32.9,43.3,4
9.01,2.97,1.58,7.01,32.9,43.5,4
9.11,2.97,1.64,7.22,32.9,43,4
9.11,2.97,1.58,6.99,32.9,43,4
9.22,2.99,1.65,7.07,32.9,43,4
9.48,2.99,1.79,6.96,32.9,42.6,4
9.51,3.01,1.72,7.01,32.9,42.4,4
9.51,2.99,1.67,7.07,32.8,42.5,4
9.44,2.99,1.71,7.1,32.8,42.3,4
9.37,2.97,1.8,7.13,32.8,42.5,4
9.48,3.02,1.84,7.16,32.8,42.4,4
9.55,3.01,1.78,7.24,32.8,42.3,4
9.44,2.99,1.73,7.24,32.8,42.3,4
9.48,2.96,1.85,7.24,32.8,42.3,4
9.44,2.97,1.72,7.27,32.8,42.1,4
9.4,2.96,1.73,7.22,32.8,42.4,4
9.15,2.97,1.57,7.19,32.8,42.3,4
9.22,2.97,1.74,7.22,32.8,42.7,4
9.18,2.97,1.65,7.24,32.8,42.1,4
9.26,2.99,1.65,7.13,32.8,42,4
9.15,2.99,1.66,7.13,32.9,42,4
8.94,2.96,1.79,7.07,32.9,42,4
8.94,2.94,1.67,7.04,32.9,42.1,4
9.11,2.97,1.72,7.07,32.9,42,4
9.15,2.97,1.7,6.99,32.9,41.8,4
9.11,2.96,1.71,7.04,32.9,41.6,4
9.4,2.99,1.81,6.99,32.9,41.7,4
9.44,3.01,1.83,6.99,32.9,41.4,4
9.29,2.99,1.78,7.04,32.9,41.4,4
9.29,2.96,1.76,7.07,32.9,41.2,4
9.33,2.96,1.77,6.99,32.9,41.3,4
9.22,3.09,1.74,7.07,32.9,41.2,4
9.22,2.94,1.66,7.04,32.9,41.6,4
9.37,2.94,1.9,7.07,32.9,41.2,4
9.37,2.97,1.79,7.13,33,40.9,4
9.51,2.99,1.79,7.13,33,41.4,4
9.51,3.01,1.91,7.45,33,41.2,4
9.48,2.99,1.73,7.07,33,41.1,4
9.63,3.01,2,6.99,33,41.2,4
9.63,3.01,1.89,7.07,33,40.9,4
9.63,3.01,2.01,7.07,33,41.1,4
9.7,3.02,2.02,7.04,33,40.9,4
9.82,3.04,1.91,7.07,33.1,41,4
9.78,3.02,2,7.19,33,41,4
9.86,3.04,2.02,7.13,33,41.1,4
9.7,3.01,2,7.1,33,41,4
9.48,2.99,2,7.1,33,41.2,4
9.63,2.99,1.87,7.07,33,41.2,4
9.48,2.99,1.81,7.07,33,41.3,4
9.15,2.96,1.66,7.1,33,41.6,4
8.94,2.94,1.76,7.07,33,41.7,4
8.29,2.94,1.57,7.01,33,41.9,4
7.69,2.92,1.47,7.07,32.9,43.4,4
7.66,2.94,1.52,7.07,33,44.6,4
7.88,2.96,1.52,6.99,33,43.5,4
7.88,2.94,1.59,7.04,33,43.3,4
8.26,2.94,1.52,7.07,33,43.1,4
8.36,2.97,1.5,7.07,33,43,4
8.23,2.97,1.5,7.1,33,43.3,4
8.46,2.99,1.58,7.1,33,44.1,4
8.8,3.01,1.62,7.07,33,43.5,4
9.01,2.99,1.66,7.07,33,43.3,4
9.04,3.01,1.64,7.07,32.9,43.2,4
9.18,3.01,1.7,7.1,33,43.4,4
9.29,2.99,1.83,7.04,33,43.4,4
9.48,3.02,1.72,7.13,33,43.4,4
9.48,3.01,1.78,7.1,33,43.5,4
9.55,3.01,1.85,7.1,32.9,43.6,4
9.74,3.02,1.8,7.16,32.9,43.6,4
9.78,3.04,1.83,7.16,32.9,43.7,4
9.66,3.02,1.73,7.07,32.9,43.9,4
9.59,3.01,1.74,7.16,32.9,44.1,4
9.63,3.02,1.78,7.22,32.9,44.2,4
9.55,3.01,1.71,7.19,32.9,44.3,4
9.59,3.01,1.84,7.24,32.9,44.4,4
9.37,2.99,1.63,7.22,32.9,44.4,4
9.15,3.01,1.59,7.22,32.8,44.8,4
9.22,3.02,1.72,7.27,32.8,45.2,4
9.4,3.02,1.63,7.24,32.8,45.2,4
9.18,3.04,1.58,7.24,32.8,45.2,4
8.97,3.02,1.62,7.22,32.8,45.7,4
9.11,3.02,1.6,7.19,32.8,45.8,4
8.52,2.99,1.45,7.22,32.8,45.7,4
7.66,2.97,1.3,7.22,32.8,47.1,4
6.85,2.97,1.22,7.22,32.8,49.7,4
6.36,2.96,1.19,7.16,32.8,51.5,4
5.95,2.96,1.13,7.24,32.8,52.9,4
5.68,2.92,1.09,7.24,32.8,54.3,4
5.45,2.91,1.05,7.19,32.8,55.4,4
5.38,2.92,1,7.27,32.9,56.4,4
5.24,2.89,1.01,7.24,32.9,57.2,4
5.08,2.88,0.97,7.3,32.9,58,4
5.06,2.88,0.95,7.24,32.9,58.5,4
4.99,2.84,0.95,7.27,32.9,59.1,4
4.97,2.84,0.94,7.36,32.9,59.6,4
4.99,2.86,0.95,7.36,32.9,60.1,4
4.95,2.86,0.94,7.36,33,60.4,4
4.93,2.84,0.92,7.39,32.9,61.1,4
4.86,2.86,0.92,7.42,33,62,4
4.88,2.86,0.92,7.36,33,62.7,4
4.8,2.84,0.92,7.33,33,63.2,4
4.88,2.84,0.92,7.33,33,63.7,4
4.82,2.83,0.94,7.33,33,64.2,4
4.8,2.84,0.92,7.33,33,64.5,4
4.8,2.83,0.96,7.3,33,64.7,4
4.82,2.81,0.94,7.33,33,65.4,4
4.88,2.84,0.94,7.42,33,65.8,4
4.91,2.88,0.93,7.33,33,66.2,4
4.86,2.86,0.96,7.36,33,66.5,4
4.86,2.88,0.93,7.36,33,66.9,4
4.82,2.86,0.95,7.39,33,67.3,4
4.86,2.86,0.96,7.36,33,67.6,4
4.8,2.89,0.95,7.39,33,67.7,4
4.82,2.89,0.94,7.33,33,68,4
4.86,2.89,0.94,7.39,33,67.8,4
4.84,2.86,0.97,7.33,33,68,4
4.91,2.88,0.94,7.36,33,68.4,4
4.86,2.88,0.94,7.39,33,68.6,4
4.91,2.88,0.96,7.36,33,68.4,4
4.97,2.89,0.95,7.39,33,67.9,4
4.93,2.89,0.95,7.39,33,68.1,4
4.88,2.86,0.95,7.33,33,68.7,4
4.93,2.89,0.96,7.33,33,69,4
5.04,2.86,0.96,7.36,33,69,4
5.08,2.88,0.95,7.42,33,67,4
5.04,2.89,0.94,7.51,33,67.3,4
5.06,2.89,0.95,7.54,33,68.2,4
5.08,2.89,0.98,7.57,33,67.2,4
5.06,2.92,0.96,7.97,33,68.2,4
5.1,2.91,0.96,8.1,33,68.1,4
5.08,2.89,0.98,8.1,33,68.7,4
5.02,2.89,0.95,8.03,33,69.4,4
5.02,2.88,0.96,8.07,33,69.7,4
4.95,3.02,0.94,8,33,70.1,4
4.99,2.88,0.96,8,33,70.4,4
5.02,2.89,0.96,8.03,33.1,71,4
5.02,2.89,0.97,7.97,33,71,4
4.93,2.88,0.95,7.94,33,71.3,4
4.97,2.88,0.94,8,33,71.7,4
4.93,2.88,0.97,7.94,33,71.8,4
4.88,2.89,0.94,8.03,33,71.9,4
4.86,2.86,0.94,8,33,72.2,4
4.88,2.84,0.96,7.94,33,72.4,4
4.84,2.84,0.92,8.1,33,72.5,4
4.91,2.86,0.94,8.13,33,72.8,4
4.93,2.86,0.96,8.07,33,72.9,4
4.84,2.84,0.92,8.13,33,73,4
4.78,2.84,0.95,8.03,33,73,4
4.8,2.83,0.96,8.03,33,73,4
4.84,2.86,0.96,7.97,33,73,4
4.84,2.88,0.95,8.07,33,73.2,4
4.86,2.86,0.96,8,33,73.5,4
4.88,2.86,0.94,8.07,33,73.7,4
4.84,2.83,0.94,8.03,33,73.9,4
4.88,2.86,0.96,8.07,33,74,4
4.93,2.89,0.94,8.1,33,74.3,4
4.86,2.86,0.93,8.1,33,73.5,4
4.88,2.86,0.97,8.03,33,73.9,4
4.88,2.86,0.96,7.97,33,73.7,4
4.97,2.88,0.96,8.03,33,73.2,4
4.95,2.88,0.96,8.23,33,73.4,4
4.97,2.91,0.95,8.1,33,73.7,4
4.97,2.89,0.97,8.1,33,73.9,4
4.99,2.92,0.95,8.13,33,73.9,4
5.02,2.92,0.97,8.1,33,74.2,4
5.06,2.92,0.94,8.26,33,73.9,4
5.02,2.91,0.95,8.26,33,74,4
5.04,3.06,0.95,8.16,33,74.4,4
5.04,2.91,0.97,8.1,33,74.7,4
5.08,2.94,0.96,8,33,74.9,4
5.06,2.91,0.95,8.07,33,75.1,4
4.99,2.91,0.96,8,33,75.2,4
5.04,2.92,0.97,8,33,75.7,4
4.99,2.86,0.95,8.07,33,75.7,4
4.99,2.89,0.95,8.07,33,75.8,4
4.97,2.88,0.95,8,33,75.6,4
4.99,2.91,0.96,8.03,33,75.8,4
4.99,2.88,0.94,8,33,76,4
5.08,2.89,0.95,8.07,33,76,4
5.1,2.91,0.94,8.1,33,75.7,4
5.08,2.91,0.94,8.07,33,75.4,4
5.1,2.88,0.97,8,33,75.6,4
5.15,2.91,0.95,8,33,75.7,4
5.08,2.89,0.95,8.07,33,76.2,4
5.1,2.92,0.96,8.07,33,76.3,4
5.08,2.89,0.97,8.1,33,76.9,4
5.08,2.88,0.95,8.13,33,77,4
5.08,2.89,0.97,8.1,33,76.9,4
5.08,2.91,0.96,8.13,33,76.9,4
5.13,2.91,0.96,8.07,33,76.9,4
5.04,2.88,0.96,8.07,33,76.5,4
5.02,2.88,0.93,8.07,33,76.5,4
5.04,2.91,0.97,8.13,33,76.5,4
4.95,2.88,0.94,8.16,33,76.7,4
4.95,2.88,0.95,8.13,33,76.9,4
5.04,2.88,0.96,8.1,33,77,4
5.04,3.01,0.95,8.1,33,77,4
5.08,2.86,0.97,8.1,33,76.5,4
5.1,2.88,0.96,8.13,33,76.2,4
5.06,2.84,0.96,8.07,33,76.5,4
4.97,2.83,0.95,8.1,33,76.9,4
4.95,2.83,0.96,8.19,33,77.2,4
4.99,2.88,0.96,8.03,33,77.5,4
4.99,2.86,0.97,8.1,33,77.5,4
4.93,2.84,0.94,8,33,77.7,4
5.02,2.86,0.95,8.03,33,77.7,4
5.02,2.83,0.96,8,33,77.9,4
5.04,2.84,0.95,8,33,77.7,4
5.04,2.84,0.92,7.97,33,77.9,4
5.1,2.88,0.96,8,33,78.2,4
5.06,2.86,0.94,7.97,33,78.2,4
5.04,2.83,0.96,8.07,33,78.1,4
5.04,2.88,0.96,8.03,33,78.2,4
5.08,2.86,0.96,7.94,33,78.2,4
5.1,2.84,0.93,7.97,33,77.9,4
5.15,2.84,0.95,8.03,33,77.9,4
5.1,2.81,0.94,8,33,78,4
5.13,2.78,0.94,8.03,33,78.1,4
5.19,2.81,0.93,8.03,33,78.2,4
5.22,2.8,0.96,8,33,77.4,4
5.31,2.83,0.95,8,33,76.2,4
5.33,2.83,0.96,8.07,33,76.6,4
5.38,2.88,0.96,7.94,33,76.4,4
5.26,2.86,0.97,8.1,33,76.9,4
5.24,2.86,0.97,8.07,32.9,77.3,4
5.31,2.88,0.95,8,33,77.4,4
5.26,2.86,0.98,8.1,33,77.5,4
5.24,2.86,0.98,8.03,33,77.7,4
5.22,2.88,0.98,7.97,33,78,4
5.17,2.88,0.97,8,33,78.5,4
5.22,2.88,0.96,8.03,33,77.9,4
5.15,2.88,0.95,8,33,77.9,4
5.17,2.88,0.95,8,33,78.1,4
5.17,2.88,0.95,8.1,33,78.5,4
5.19,2.88,0.97,8.07,33,78.5,4
5.22,2.89,0.95,8.1,33,78.6,4
